ID,Analytics
1,Facebook Pixel
1,Navegg
1,Microsoft Clarity
1,Google Analytics
2,Google Analytics
4,Linkedin Insight Tag
4,TikTok Pixel
4,Google Analytics
4,Facebook Pixel
4,Hotjar
5,Linkedin Insight Tag
5,Google Analytics
7,Facebook Pixel
7,Google Analytics
8,Google Analytics
9,Google Analytics
9,Microsoft Clarity
9,Facebook Pixel
9,Linkedin Insight Tag
11,Hotjar
11,Site Kit
11,Facebook Pixel
11,Google Analytics
14,Google Analytics
15,Google Analytics
16,Appsflyer
16,TikTok Pixel
16,Facebook Pixel
16,Plausible
16,Google Analytics
16,Hotjar
16,Microsoft Clarity
17,Google Analytics
18,Microsoft Clarity
18,Facebook Pixel
18,Google Analytics
19,Facebook Pixel
19,Google Analytics
19,Linkedin Insight Tag
20,Google Analytics
21,Facebook Pixel
21,Google Analytics
22,Google Analytics
23,Google Analytics
25,Facebook Pixel
25,Google Analytics
25,Microsoft Clarity
25,HubSpot Analytics
25,TikTok Pixel
25,FullStory
26,Facebook Pixel
26,Microsoft Clarity
26,Google Analytics
27,Google Analytics
28,Facebook Pixel
28,Google Analytics
30,Google Analytics
30,Microsoft Clarity
31,Google Analytics
32,Google Analytics
33,Google Analytics
34,TikTok Pixel
34,VWO
34,Hotjar
34,Microsoft Clarity
34,Kwai pixel
34,Facebook Pixel
34,Google Analytics
35,Google Analytics
35,Linkedin Insight Tag
35,Facebook Pixel
36,Facebook Pixel
37,Microsoft Clarity
37,Google Analytics
38,Google Analytics
38,Microsoft Clarity
39,Google Analytics
40,Google Analytics
42,Google Analytics
42,MonsterInsights
42,Site Kit
43,Facebook Pixel
43,Google Analytics
43,Instana
44,Facebook Pixel
44,Linkedin Insight Tag
44,Google Analytics
44,TikTok Pixel
46,Google Ads Conversion Tracking
46,Site Kit
46,Google Analytics
47,Linkedin Insight Tag
47,Cloudflare Browser Insights
47,Google Analytics
49,Microsoft Clarity
49,Facebook Pixel
49,Google Analytics
49,TikTok Pixel
50,Google Analytics
50,Google Ads Conversion Tracking
51,Microsoft Clarity
51,Facebook Pixel
51,Google Ads Conversion Tracking
51,Google Analytics
51,PixelYourSite
51,TikTok Pixel
53,Site Kit
53,Google Analytics
54,Site Kit
54,Google Analytics
55,Google Analytics
55,Hotjar
55,Site Kit
55,Facebook Pixel
56,Facebook Pixel
56,Google Analytics
57,Microsoft Clarity
57,HubSpot Analytics
57,Facebook Pixel
57,Google Analytics
57,Hotjar
57,Navegg
57,TikTok Pixel
57,Linkedin Insight Tag
57,Site Kit
58,Google Analytics
58,Loggly
58,Microsoft Clarity
58,Matomo Analytics
58,TikTok Pixel
58,Pinterest Conversion Tag
58,ClearSale
58,Facebook Pixel
59,Google Analytics
60,Google Analytics
61,Navegg
61,Google Analytics
61,Facebook Pixel
62,Microsoft Clarity
62,Linkedin Insight Tag
62,Google Analytics
62,Hotjar
63,Google Analytics
63,Microsoft Clarity
64,Hotjar
64,Ahrefs
64,Google Analytics
65,Facebook Pixel
65,Linkedin Insight Tag
65,Google Analytics
66,Google Analytics
66,Site Kit
66,Google Ads Conversion Tracking
66,Hotjar
67,Google Analytics
67,Hotjar
67,TikTok Pixel
67,Dynatrace
67,Facebook Pixel
70,Google Analytics
71,Google Analytics
71,Microsoft Clarity
74,Google Analytics
74,Facebook Pixel
74,Microsoft Clarity
74,Navegg
75,Google Analytics
76,Linkedin Insight Tag
76,Google Analytics
76,Facebook Pixel
77,Linkedin Insight Tag
77,Google Analytics
77,Facebook Pixel
77,Microsoft Clarity
78,Google Analytics
79,Google Analytics
79,Facebook Pixel
80,Google Analytics
80,Site Kit
82,Google Analytics
83,Adobe Analytics
85,Google Analytics
85,HubSpot Analytics
85,Linkedin Insight Tag
85,VWO
85,Facebook Pixel
85,Microsoft Clarity
86,Google Analytics
87,Google Analytics
89,Google Analytics
89,Amplitude
90,Cloudflare Browser Insights
90,Google Analytics
90,Leadfeeder
91,Google Analytics
93,Matomo Analytics
94,Google Analytics
95,Google Analytics
95,Facebook Pixel
96,Google Analytics
97,Cloudflare Browser Insights
97,Google Analytics
98,Google Analytics
99,Google Analytics
99,Snowplow Analytics
99,Adobe Analytics
100,Google Analytics
101,Google Analytics
103,Linkedin Insight Tag
103,Google Analytics
103,Hotjar
103,Google Ads Conversion Tracking
103,Facebook Pixel
104,Google Analytics
105,Google Analytics
106,Google Ads Conversion Tracking
106,Google Analytics
106,Facebook Pixel
107,Facebook Pixel
108,Google Analytics
109,Facebook Pixel
109,PixelYourSite
109,Google Analytics
110,Linkedin Insight Tag
110,Google Analytics
110,Facebook Pixel
111,Hotjar
111,Dynatrace
111,Google Analytics
111,Facebook Pixel
111,Microsoft Clarity
111,Cloudflare Browser Insights
112,Google Analytics
114,Google Analytics
115,Google Analytics
115,Linkedin Insight Tag
116,Facebook Pixel
116,Microsoft Clarity
116,Google Analytics
117,Google Analytics
118,Mapp
119,Google Analytics
119,MonsterInsights
120,Cloudflare Browser Insights
120,Google Analytics
121,Microsoft Clarity
122,Facebook Pixel
122,Google Analytics
122,Microsoft Clarity
122,Linkedin Insight Tag
123,Site Kit
124,Facebook Pixel
124,Mixpanel
124,HubSpot Analytics
124,Hotjar
124,Linkedin Insight Tag
124,Google Analytics
125,Google Analytics
125,Pinterest Conversion Tag
125,Google Ads Conversion Tracking
125,Hotjar
125,Facebook Pixel
125,Linkedin Insight Tag
125,TikTok Pixel
126,Facebook Pixel
126,Linkedin Insight Tag
126,Google Analytics
126,Hotjar
128,Google Analytics
129,Google Analytics
130,Adobe Analytics
130,AppDynamics
131,Google Analytics
132,Google Analytics
133,Linkedin Insight Tag
133,Hotjar
133,Google Analytics
133,Facebook Pixel
134,Google Analytics
134,Facebook Pixel
134,Google Ads Conversion Tracking
134,Linkedin Insight Tag
134,Microsoft Clarity
135,Google Analytics
136,Google Analytics
136,Hotjar
136,Facebook Pixel
137,Google Analytics
137,Facebook Pixel
138,Google Ads Conversion Tracking
138,Hotjar
138,Google Analytics
138,Linkedin Insight Tag
139,Microsoft Clarity
139,Facebook Pixel
139,Google Analytics
140,TikTok Pixel
140,Microsoft Clarity
140,Google Analytics
140,Facebook Pixel
141,TikTok Pixel
141,Facebook Pixel
141,Google Analytics
141,VWO
142,Google Analytics
143,Google Analytics
144,Facebook Pixel
144,Google Analytics
144,Hotjar
144,Microsoft Clarity
145,Facebook Pixel
145,Google Analytics
145,Site Kit
146,Medallia
146,Facebook Pixel
146,Dynatrace
146,Google Analytics
147,Google Analytics
147,Dynatrace
147,Facebook Pixel
148,Google Analytics
148,Facebook Pixel
148,Dynatrace
149,Facebook Pixel
149,Microsoft Clarity
149,Linkedin Insight Tag
149,Google Analytics
150,Google Analytics
151,Google Analytics
152,Google Analytics
152,Facebook Pixel
152,Adobe Analytics
153,Google Analytics
155,Google Analytics
156,Linkedin Insight Tag
156,Facebook Pixel
156,Google Analytics
156,Mouse Flow
156,TikTok Pixel
156,Hotjar
157,Google Analytics
159,Google Analytics
160,Google Analytics
160,MonsterInsights
161,Google Analytics
162,Google Analytics
162,Navegg
162,Chartbeat
162,comScore
162,Facebook Pixel
162,TikTok Pixel
162,Smartocto
162,Microsoft Clarity
163,comScore
163,Google Analytics
164,Google Analytics
164,Linkedin Insight Tag
165,Dynatrace
165,Google Analytics
166,Google Analytics
168,Google Analytics
170,Google Analytics
170,Facebook Pixel
170,Linkedin Insight Tag
171,Facebook Pixel
171,Google Analytics
171,Hotjar
171,Microsoft Clarity
172,Linkedin Insight Tag
172,Google Analytics
172,Facebook Pixel
172,Microsoft Clarity
172,Hotjar
173,Google Analytics
174,Google Analytics
174,Cloudflare Browser Insights
175,Google Analytics
176,Google Analytics
177,Google Analytics
177,Linkedin Insight Tag
177,Hotjar
177,Facebook Pixel
178,Google Analytics
180,Google Analytics
180,Hotjar
181,Facebook Pixel
181,Google Analytics
183,Facebook Pixel
183,Google Ads Conversion Tracking
183,Smartlook
183,Google Analytics
183,Cloudflare Browser Insights
184,Linkedin Insight Tag
184,Hotjar
184,Google Analytics
184,Facebook Pixel
186,Linkedin Insight Tag
186,Google Ads Conversion Tracking
186,Facebook Pixel
188,Google Analytics
189,Google Analytics
190,Google Analytics
191,Google Analytics
191,Facebook Pixel
191,Google Ads Conversion Tracking
192,Facebook Pixel
192,Google Analytics
193,Facebook Pixel
193,Google Analytics
193,Site Kit
193,Linkedin Insight Tag
193,Google Ads Conversion Tracking
194,Google Analytics
195,AppDynamics
195,Adjust
196,Facebook Pixel
196,Google Analytics
198,Linkedin Insight Tag
198,Facebook Pixel
198,Google Analytics
200,Facebook Pixel
200,Site Kit
200,Google Analytics
200,Google Ads Conversion Tracking
200,Hotjar
201,Google Analytics
201,Google Ads Conversion Tracking
201,Linkedin Insight Tag
201,Hotjar
201,Facebook Pixel
202,Google Analytics
202,FullStory
202,Hotjar
202,Facebook Pixel
202,Linkedin Insight Tag
203,Facebook Pixel
203,Google Ads Conversion Tracking
203,Linkedin Insight Tag
203,Google Analytics
205,Google Analytics
205,Site Kit
206,Facebook Pixel
206,Microsoft Clarity
206,Hotjar
206,Google Analytics
206,Linkedin Insight Tag
208,Google Analytics
208,Azure Monitor
208,TikTok Pixel
208,Facebook Pixel
208,FullStory
208,Pinterest Conversion Tag
208,Lucky Orange
208,Snowplow Analytics
208,Crazy Egg
209,Google Analytics
210,Google Analytics
210,Google Ads Conversion Tracking
210,Facebook Pixel
211,Google Analytics
211,Microsoft Clarity
211,Facebook Pixel
212,Linkedin Insight Tag
212,VWO
212,Microsoft Clarity
212,Facebook Pixel
212,Pinterest Conversion Tag
212,Google Analytics
212,TikTok Pixel
212,HubSpot Analytics
213,Adobe Analytics
213,Dynatrace
214,Google Analytics
214,Site Kit
215,Google Analytics
216,Pinterest Conversion Tag
216,Facebook Pixel
216,Google Analytics
216,Hotjar
216,Linkedin Insight Tag
217,Google Analytics
220,Google Analytics
221,Google Analytics
221,Hotjar
222,Facebook Pixel
222,Google Analytics
222,Google Ads Conversion Tracking
222,Microsoft Clarity
222,MonsterInsights
222,Linkedin Insight Tag
225,Google Analytics
226,Hotjar
226,Google Analytics
226,TikTok Pixel
226,Facebook Pixel
228,Google Analytics
229,Google Analytics
232,Google Analytics
233,Google Analytics
233,ClearSale
234,Mixpanel
234,Facebook Pixel
234,Google Analytics
234,Microsoft Clarity
236,Google Analytics
239,Google Analytics
239,Site Kit
240,Google Analytics
241,Google Analytics
243,Google Analytics
244,Adobe Analytics
244,Medallia
244,AppDynamics
245,Microsoft Clarity
245,Google Analytics
246,Google Analytics
246,Facebook Pixel
246,PixelYourSite
248,Site Kit
248,PixelYourSite
248,Facebook Pixel
248,Google Analytics
249,Google Analytics
250,Google Analytics
251,Google Analytics
251,Microsoft Clarity
251,Facebook Pixel
252,Microsoft Clarity
252,Facebook Pixel
252,Google Analytics
252,Hotjar
255,Navegg
255,Linkedin Insight Tag
255,Microsoft Clarity
255,Google Analytics
255,Hotjar
255,Dynatrace
255,Facebook Pixel
255,Crazy Egg
257,Google Ads Conversion Tracking
257,Linkedin Insight Tag
257,Microsoft Clarity
257,Google Analytics
257,TikTok Pixel
257,Facebook Pixel
258,Google Analytics
258,MonsterInsights
259,Google Analytics
261,Hotjar
261,Linkedin Insight Tag
261,Facebook Pixel
261,Google Analytics
261,Dynatrace
262,TikTok Pixel
262,Cloudflare Browser Insights
262,Dynatrace
262,Navegg
262,Hotjar
262,Facebook Pixel
262,AppDynamics
262,Datadog
262,Microsoft Clarity
262,Google Analytics
263,Google Analytics
263,Datadog
263,Hotjar
264,Google Analytics
264,Dynatrace
265,Facebook Pixel
265,Dynatrace
265,Google Analytics
265,Microsoft Clarity
266,Google Analytics
267,Facebook Pixel
267,Google Analytics
267,Microsoft Clarity
267,Cloudflare Browser Insights
267,Linkedin Insight Tag
267,Navegg
267,TikTok Pixel
269,Facebook Pixel
269,Google Analytics
269,Linkedin Insight Tag
270,HubSpot Analytics
270,Google Analytics
270,Facebook Pixel
270,Linkedin Insight Tag
270,Hotjar
271,Microsoft Clarity
271,Linkedin Insight Tag
271,Facebook Pixel
271,Google Analytics
272,Google Analytics
272,Linkedin Insight Tag
273,Facebook Pixel
273,Google Analytics
274,Google Analytics
274,TikTok Pixel
274,Site Kit
274,Facebook Pixel
275,Google Analytics
277,Google Analytics
277,MonsterInsights
280,Google Analytics
280,MonsterInsights
281,Google Analytics
281,MonsterInsights
282,Google Analytics
282,MonsterInsights
285,Google Analytics
286,MonsterInsights
286,Google Analytics
287,Google Analytics
288,MonsterInsights
288,Google Analytics
290,Linkedin Insight Tag
290,Facebook Pixel
290,MonsterInsights
290,Google Analytics
291,Google Analytics
291,MonsterInsights
292,Google Analytics
292,MonsterInsights
293,MonsterInsights
293,Google Analytics
294,Google Analytics
294,MonsterInsights
295,Google Analytics
295,MonsterInsights
296,Google Analytics
296,MonsterInsights
300,TikTok Pixel
300,Google Analytics
300,Facebook Pixel
300,Microsoft Clarity
301,Google Analytics
301,Microsoft Clarity
302,Google Analytics
302,Cloudflare Browser Insights
302,Mixpanel
303,Hotjar
303,TikTok Pixel
303,Facebook Pixel
303,Google Analytics
304,PixelYourSite
304,Linkedin Insight Tag
304,Facebook Pixel
304,Google Analytics
305,Site Kit
305,Google Analytics
306,Datadog
306,Facebook Pixel
306,Cloudflare Browser Insights
306,Hotjar
306,Google Analytics
306,Dynatrace
306,Linkedin Insight Tag
306,Microsoft Clarity
306,AppDynamics
307,Google Analytics
308,Google Analytics
308,Site Kit
308,Facebook Pixel
309,Site Kit
310,Site Kit
311,Google Analytics
311,Microsoft Clarity
311,Facebook Pixel
311,Datadog
311,Pinterest Conversion Tag
312,Snowplow Analytics
312,Hotjar
312,Google Analytics
314,Google Analytics
314,Snowplow Analytics
314,Hotjar
315,Google Analytics
315,Facebook Pixel
315,Google Ads Conversion Tracking
316,Linkedin Insight Tag
316,Facebook Pixel
316,Google Analytics
317,Linkedin Insight Tag
317,Hotjar
317,Facebook Pixel
317,Google Analytics
318,Linkedin Insight Tag
318,Google Analytics
318,HubSpot Analytics
318,Hotjar
319,Kwai pixel
319,TikTok Pixel
319,Linkedin Insight Tag
319,VWO
319,Hotjar
319,Facebook Pixel
319,Google Analytics
319,Microsoft Clarity
320,Linkedin Insight Tag
320,Facebook Pixel
320,Google Analytics
320,PixelYourSite
324,Linkedin Insight Tag
324,Google Analytics
324,Facebook Pixel
325,Google Analytics
325,Facebook Pixel
329,Google Analytics
330,Linkedin Insight Tag
330,Google Analytics
330,Microsoft Clarity
330,Hotjar
330,Facebook Pixel
332,Navegg
332,Microsoft Clarity
332,Facebook Pixel
332,TikTok Pixel
332,Google Analytics
333,Dynatrace
333,Microsoft Clarity
333,Hotjar
333,Navegg
333,Google Analytics
333,Facebook Pixel
333,Smartlook
334,Site Kit
334,Google Analytics
335,Google Analytics
335,Cloudflare Browser Insights
336,Google Analytics
337,Site Kit
338,Linkedin Insight Tag
338,Facebook Pixel
338,Google Analytics
339,Google Analytics
339,Linkedin Insight Tag
339,Site Kit
340,Google Analytics
340,Hotjar
340,TikTok Pixel
340,Cloudflare Browser Insights
340,Facebook Pixel
341,Google Analytics
341,Hotjar
341,Linkedin Insight Tag
341,Microsoft Clarity
341,Facebook Pixel
341,PixelYourSite
342,Google Analytics
343,Linkedin Insight Tag
343,Google Ads Conversion Tracking
343,Google Analytics
343,Facebook Pixel
345,Google Analytics
347,Linkedin Insight Tag
347,Google Analytics
347,Facebook Pixel
347,Microsoft Clarity
348,Google Analytics
348,Facebook Pixel
348,OpenPanel
348,Linkedin Insight Tag
349,Facebook Pixel
349,Google Analytics
350,Microsoft Clarity
350,Facebook Pixel
350,Google Analytics
350,TikTok Pixel
351,Google Analytics
351,Facebook Pixel
351,Microsoft Clarity
351,Google Ads Conversion Tracking
352,Google Analytics
353,Facebook Pixel
353,Google Ads Conversion Tracking
353,Hotjar
353,Google Analytics
354,Hotjar
354,Google Analytics
354,Site Kit
355,Facebook Pixel
355,Microsoft Clarity
355,Google Analytics
356,ClickTale
356,Contentsquare
356,TikTok Pixel
356,Facebook Pixel
356,Elastic APM
356,Microsoft Clarity
356,FullStory
356,Linkedin Insight Tag
356,Dynatrace
356,Google Analytics
357,Microsoft Clarity
357,Google Analytics
358,Facebook Pixel
358,Google Ads Conversion Tracking
358,Google Analytics
359,Google Analytics
359,Appsflyer
359,Facebook Pixel
359,Hotjar
359,Linkedin Insight Tag
360,Google Analytics
360,Facebook Pixel
361,Google Analytics
361,Hotjar
362,Linkedin Insight Tag
362,Facebook Pixel
362,Google Ads Conversion Tracking
363,Google Analytics
364,Google Analytics
365,Google Analytics
365,Yandex.Metrika
365,Site Kit
367,Facebook Pixel
367,TikTok Pixel
367,Microsoft Clarity
367,Google Analytics
367,VWO
368,MonsterInsights
368,Google Analytics
370,TikTok Pixel
370,Facebook Pixel
370,Google Analytics
370,Linkedin Insight Tag
370,Microsoft Clarity
371,Adobe Analytics
372,Google Analytics
372,VWO
372,Linkedin Insight Tag
372,WP-Statistics
372,Microsoft Clarity
372,Facebook Pixel
373,Google Analytics
373,Dynatrace
373,Facebook Pixel
373,Linkedin Insight Tag
373,Hotjar
374,Pinterest Conversion Tag
374,Hotjar
374,Google Analytics
374,Facebook Pixel
374,Adobe Analytics
375,Google Ads Conversion Tracking
375,Hotjar
375,Google Analytics
375,Linkedin Insight Tag
375,Facebook Pixel
375,Adobe Analytics
376,Matomo Analytics
377,Google Analytics
377,Matomo Analytics
378,Google Analytics
379,MonsterInsights
379,Google Analytics
380,Facebook Pixel
380,Linkedin Insight Tag
380,Google Analytics
381,Facebook Pixel
381,TikTok Pixel
381,Google Analytics
381,Microsoft Clarity
381,Hotjar
383,Google Analytics
384,Google Analytics
385,Facebook Pixel
385,Cloudflare Browser Insights
385,Microsoft Clarity
385,Yandex.Metrika
385,Appsflyer
385,TikTok Pixel
385,Google Analytics
386,Google Analytics
387,Google Analytics
387,Cloudflare Browser Insights
387,Microsoft Clarity
388,Facebook Pixel
388,Google Analytics
388,TikTok Pixel
388,Microsoft Clarity
389,Google Analytics
389,Hotjar
390,TikTok Pixel
390,Microsoft Clarity
390,Dynatrace
390,Google Analytics
390,Facebook Pixel
391,Facebook Pixel
391,Navegg
391,Microsoft Clarity
391,Google Analytics
392,Google Analytics
393,Hotjar
393,Linkedin Insight Tag
393,Facebook Pixel
393,Google Analytics
394,Linkedin Insight Tag
394,Dynatrace
394,Google Analytics
394,Microsoft Clarity
394,Facebook Pixel
395,MonsterInsights
395,Google Analytics
396,Facebook Pixel
396,Google Ads Conversion Tracking
396,Google Analytics
397,Facebook Pixel
397,TikTok Pixel
397,Microsoft Clarity
397,Navegg
397,Google Analytics
397,VWO
398,Microsoft Clarity
398,Google Analytics
398,Cloudflare Browser Insights
399,Google Analytics
399,Adobe Analytics
399,Linkedin Insight Tag
399,Facebook Pixel
399,Dynatrace
399,Google Ads Conversion Tracking
400,Google Analytics
400,Matomo Analytics
400,Facebook Pixel
400,Linkedin Insight Tag
400,HubSpot Analytics
401,Google Analytics
402,Facebook Pixel
402,Hotjar
402,Everflow
402,Kwai pixel
402,Google Analytics
402,TikTok Pixel
403,Google Analytics
404,Google Analytics
404,Facebook Pixel
405,Google Analytics
405,TikTok Pixel
405,Snowplow Analytics
405,Dynatrace
405,Facebook Pixel
405,Adobe Analytics
405,Hotjar
405,Google Ads Conversion Tracking
406,Google Analytics
408,Google Analytics
410,Linkedin Insight Tag
410,Google Analytics
410,Facebook Pixel
412,Facebook Pixel
412,Google Analytics
413,Google Analytics
414,Google Analytics
415,Google Analytics
417,Google Analytics
417,Microsoft Clarity
417,Facebook Pixel
417,Pinterest Conversion Tag
420,Piano Analytics
420,Google Analytics
422,Linkedin Insight Tag
422,Facebook Pixel
422,Cloudflare Browser Insights
422,Matomo Analytics
422,TikTok Pixel
422,Kwai pixel
422,Google Analytics
422,Microsoft Clarity
423,Facebook Pixel
423,Google Analytics
423,Google Ads Conversion Tracking
423,Adobe Analytics
424,Google Analytics
425,Adobe Analytics
425,Linkedin Insight Tag
425,Google Ads Conversion Tracking
425,Demandbase
425,Zoominfo
425,Hotjar
425,Google Analytics
427,Google Analytics
428,Hotjar
428,Google Analytics
428,Crazy Egg
428,Microsoft Clarity
429,Google Analytics
430,Google Analytics
431,Google Analytics
432,Hotjar
432,Facebook Pixel
432,TikTok Pixel
432,Google Analytics
434,Google Analytics
435,Linkedin Insight Tag
435,Matomo Analytics
435,CallTrackingMetrics
435,Adobe Analytics
435,Demandbase
435,Google Analytics
436,Google Analytics
436,Facebook Pixel
436,Site Kit
436,Linkedin Insight Tag
437,Google Analytics
438,Google Analytics
438,Facebook Pixel
438,Hotjar
438,TikTok Pixel
438,Navegg
439,Linkedin Insight Tag
439,VWO
439,Google Analytics
440,Appsflyer
440,Facebook Pixel
440,Skai
440,Pinterest Conversion Tag
440,Microsoft Clarity
440,Google Analytics
440,TikTok Pixel
440,VWO
442,Skai
442,Siteimprove
442,Linkedin Insight Tag
442,Everviz
442,Mixpanel
442,Google Analytics
442,Facebook Pixel
443,Google Analytics
446,Adobe Analytics
447,Google Analytics
447,Facebook Pixel
447,Dynatrace
449,Dynatrace
449,VWO
449,Google Analytics
450,Google Analytics
450,Site Kit
451,Linkedin Insight Tag
451,Facebook Pixel
451,TikTok Pixel
451,Google Analytics
452,Google Analytics
452,Microsoft Clarity
452,Linkedin Insight Tag
453,Google Analytics
454,Linkedin Insight Tag
454,HubSpot Analytics
454,Google Analytics
454,Facebook Pixel
455,Linkedin Insight Tag
455,Microsoft Clarity
455,Google Analytics
455,Hotjar
456,Google Analytics
456,Facebook Pixel
458,HubSpot Analytics
458,VWO
458,Microsoft Clarity
458,Linkedin Insight Tag
458,Hotjar
458,Google Analytics
459,Datadog
459,Google Analytics
459,VWO
459,Facebook Pixel
459,Navegg
459,Linkedin Insight Tag
459,Crazy Egg
459,Microsoft Clarity
460,Azure Monitor
461,TikTok Pixel
461,Appsflyer
461,Dynatrace
461,Google Ads Conversion Tracking
461,Facebook Pixel
461,Google Analytics
463,VWO
463,Microsoft Clarity
463,ClearSale
463,Google Analytics
463,Hotjar
463,Facebook Pixel
463,Adobe Analytics
465,Facebook Pixel
465,Google Analytics
465,Microsoft Clarity
465,TikTok Pixel
465,Google Ads Conversion Tracking
465,Matomo Analytics
466,Google Analytics
468,Google Analytics
471,Pinterest Conversion Tag
471,Facebook Pixel
471,Linkedin Insight Tag
471,Google Analytics
473,Facebook Pixel
473,Dynatrace
473,TikTok Pixel
473,Google Analytics
474,Google Analytics
475,Google Analytics
476,Microsoft Clarity
476,Facebook Pixel
476,Google Analytics
476,VWO
476,Dynatrace
476,Pinterest Conversion Tag
476,Appsflyer
476,Google Analytics Enhanced eCommerce
478,Google Analytics
480,Google Analytics
480,Hotjar
481,Google Analytics
482,Google Analytics
485,Pinterest Conversion Tag
485,Google Analytics
485,TikTok Pixel
485,TrackJs
485,Dynatrace
485,Hotjar
485,Amplitude
485,Facebook Pixel
485,VWO
485,Google Analytics Enhanced eCommerce
486,Google Analytics
488,Google Analytics
489,Microsoft Clarity
489,Google Analytics
490,Google Analytics
491,Google Analytics
491,Facebook Pixel
491,TikTok Pixel
491,Amplitude
491,Appsflyer
491,Hotjar
491,Ahrefs
491,VWO
492,MonsterInsights
492,Google Analytics
493,MonsterInsights
493,Google Analytics
495,Adobe Analytics
496,Linkedin Insight Tag
496,TikTok Pixel
496,Google Analytics
496,Facebook Pixel
496,Siteimprove
497,Facebook Pixel
497,Hotjar
497,Microsoft Clarity
497,Google Analytics
497,TikTok Pixel
498,Google Analytics
498,Navegg
498,Microsoft Clarity
498,Hotjar
499,TikTok Pixel
499,Facebook Pixel
499,Site Kit
499,Google Ads Conversion Tracking
499,Navegg
499,Linkedin Insight Tag
499,Google Analytics
500,Mouse Flow
500,Google Analytics
500,Linkedin Insight Tag
500,VWO
500,Facebook Pixel
500,TikTok Pixel
500,Datadog
500,Microsoft Clarity
502,Linkedin Insight Tag
502,Hotjar
502,HubSpot Analytics
502,Google Analytics
502,Microsoft Clarity
502,Facebook Pixel
503,Google Analytics
504,Google Analytics
505,Facebook Pixel
505,Google Analytics
506,Hotjar
506,Google Analytics
507,Google Analytics
507,Facebook Pixel
507,TikTok Pixel
508,Google Analytics
510,Google Analytics Enhanced eCommerce
510,ClearSale
510,Pinterest Conversion Tag
510,Google Analytics
510,Microsoft Clarity
510,Facebook Pixel
510,Riskified
511,Google Analytics
511,Facebook Pixel
512,Hotjar
512,TikTok Pixel
512,Facebook Pixel
512,HubSpot Analytics
512,Linkedin Insight Tag
512,Google Analytics
513,Facebook Pixel
513,Google Analytics
513,Hotjar
513,Crazy Egg
514,Google Analytics
514,Facebook Pixel
514,Microsoft Clarity
515,MonsterInsights
515,Google Analytics
517,Google Analytics
518,Google Analytics
519,Facebook Pixel
519,Google Analytics
520,Google Analytics
522,Google Analytics
523,Facebook Pixel
523,Google Analytics
525,Google Analytics
526,Facebook Pixel
526,MonsterInsights
526,Linkedin Insight Tag
526,Google Analytics
526,Hotjar
527,Linkedin Insight Tag
527,Facebook Pixel
527,Cloudflare Browser Insights
527,Google Analytics
527,TikTok Pixel
527,Pinterest Conversion Tag
528,Linkedin Insight Tag
528,Google Analytics
529,Google Analytics
532,Google Analytics
533,Google Analytics
533,Hotjar
533,Facebook Pixel
533,AppDynamics
533,Oracle Infinity
534,Facebook Pixel
534,Google Analytics
535,Linkedin Insight Tag
535,Pinterest Conversion Tag
535,Facebook Pixel
535,Google Analytics
535,Hotjar
535,Microsoft Clarity
535,TikTok Pixel
536,MonsterInsights
536,Linkedin Insight Tag
536,Google Analytics
536,Facebook Pixel
537,Google Analytics
538,Hotjar
538,Oracle Infinity
538,Amplitude
538,TikTok Pixel
538,Dynatrace
538,Instana
538,Google Analytics
538,Facebook Pixel
538,Microsoft Clarity
539,Pinterest Conversion Tag
539,Google Analytics
539,Linkedin Insight Tag
539,Hotjar
539,VWO
539,TikTok Pixel
539,Facebook Pixel
539,Mixpanel
540,Hotjar
540,Google Analytics Enhanced eCommerce
540,Facebook Pixel
540,TikTok Pixel
540,Skai
540,Crazy Egg
540,Pinterest Conversion Tag
540,Microsoft Clarity
540,Mixpanel
540,Google Analytics
541,Facebook Pixel
541,Google Analytics
542,Matomo Analytics
543,TikTok Pixel
543,Google Analytics
543,Linkedin Insight Tag
543,Mixpanel
544,Adobe Analytics
544,Linkedin Insight Tag
544,Google Ads Conversion Tracking
544,Google Analytics
544,Facebook Pixel
546,PixelYourSite
546,TikTok Pixel
546,Hotjar
546,Google Analytics
546,Site Kit
546,Microsoft Clarity
546,Crazy Egg
546,Facebook Pixel
547,Google Analytics
548,Google Analytics
548,MonsterInsights
550,Google Analytics
550,Microsoft Clarity
550,comScore
550,Facebook Pixel
550,Snowplow Analytics
550,Navegg
551,Microsoft Clarity
551,Google Analytics
551,Linkedin Insight Tag
551,Facebook Pixel
551,Google Analytics Enhanced eCommerce
551,Hotjar
552,VWO
552,Microsoft Clarity
552,Hotjar
552,HubSpot Analytics
552,Navegg
552,Facebook Pixel
552,Linkedin Insight Tag
552,Google Analytics
552,TikTok Pixel
553,Linkedin Insight Tag
553,Google Analytics
553,Microsoft Clarity
554,Microsoft Clarity
554,Cloudflare Browser Insights
554,Google Analytics
554,Elastic APM
554,Facebook Pixel
555,ClearSale
555,Datadog
555,Google Analytics
555,Google Analytics Enhanced eCommerce
555,Hotjar
555,TikTok Pixel
555,Pinterest Conversion Tag
555,Facebook Pixel
556,Facebook Pixel
556,TikTok Pixel
556,Microsoft Clarity
556,Google Analytics
556,Hotjar
557,Facebook Pixel
557,Google Analytics
557,Microsoft Clarity
557,TikTok Pixel
558,TikTok Pixel
558,Pinterest Conversion Tag
558,Hotjar
558,Facebook Pixel
558,Google Analytics
558,Microsoft Clarity
559,Linkedin Insight Tag
559,Google Analytics
559,Facebook Pixel
559,Microsoft Clarity
560,Microsoft Clarity
560,Google Analytics
561,Google Analytics
562,Google Analytics
562,Facebook Pixel
562,Hotjar
562,Microsoft Clarity
567,Google Analytics
567,Azure Monitor
567,Hotjar
567,Facebook Pixel
568,Google Analytics
569,Facebook Pixel
569,Hotjar
569,TikTok Pixel
569,Snowplow Analytics
569,Linkedin Insight Tag
569,Google Analytics
570,Google Analytics
571,Site Kit
571,Google Analytics
572,Google Analytics
572,Site Kit
573,Google Analytics
573,Facebook Pixel
575,Google Analytics
575,Site Kit
575,Microsoft Clarity
575,Hotjar
576,Linkedin Insight Tag
576,Facebook Pixel
577,Adobe Analytics
577,Dynatrace
578,Microsoft Clarity
578,Facebook Pixel
578,Google Analytics
578,Pinterest Conversion Tag
579,Facebook Pixel
579,Google Ads Conversion Tracking
579,Navegg
579,Hotjar
579,Linkedin Insight Tag
579,Microsoft Clarity
579,VWO
579,Google Analytics
580,TikTok Pixel
580,Pinterest Conversion Tag
580,Microsoft Clarity
580,Facebook Pixel
580,Google Analytics
580,Cloudflare Browser Insights
581,Google Analytics
582,Google Analytics Enhanced eCommerce
582,Google Analytics
582,Facebook Pixel
582,Hotjar
582,Dynatrace
583,Matomo Analytics
584,Appsflyer
584,Google Analytics
584,Navegg
584,Marfeel
584,Hotjar
584,Chartbeat
584,comScore
584,Facebook Pixel
584,Snowplow Analytics
585,Google Analytics
585,Facebook Pixel
585,Linkedin Insight Tag
586,Google Analytics
586,Facebook Pixel
587,Google Analytics
587,Facebook Pixel
588,Google Analytics
589,Google Analytics
589,Hotjar
589,Facebook Pixel
589,Google Ads Conversion Tracking
590,Google Analytics
591,Google Analytics
591,Facebook Pixel
592,Navegg
592,Linkedin Insight Tag
592,Google Analytics
592,Facebook Pixel
592,Hotjar
593,Facebook Pixel
593,TikTok Pixel
593,Google Analytics
593,Hotjar
593,Linkedin Insight Tag
594,Google Analytics
594,Hotjar
595,Google Analytics
595,Hotjar
596,TikTok Pixel
596,Facebook Pixel
596,Google Analytics
596,Navegg
596,Microsoft Clarity
596,Signifyd
596,Hotjar
598,Google Analytics
599,Google Analytics
599,MonsterInsights
600,Google Analytics
600,Facebook Pixel
601,Cloudflare Browser Insights
601,Hotjar
601,Skai
601,Google Analytics
601,Facebook Pixel
602,Facebook Pixel
602,Google Analytics
603,Google Analytics
604,Google Analytics
604,MonsterInsights
605,Google Analytics
605,Linkedin Insight Tag
605,Facebook Pixel
606,Google Analytics
606,MonsterInsights
607,Google Analytics
608,Google Analytics
609,Facebook Pixel
609,Google Analytics
610,Google Analytics
612,Hotjar
612,Facebook Pixel
612,Google Analytics
612,Google Ads Conversion Tracking
612,Google Analytics Enhanced eCommerce
613,Adobe Analytics
613,Google Analytics
613,Dynatrace
613,Facebook Pixel
613,TikTok Pixel
613,Linkedin Insight Tag
614,Facebook Pixel
614,Google Analytics Enhanced eCommerce
614,Google Analytics
615,Google Analytics
617,Linkedin Insight Tag
617,Google Analytics
617,Facebook Pixel
618,Google Analytics
619,Dynatrace
619,Google Analytics
619,Pinterest Conversion Tag
619,Linkedin Insight Tag
619,Microsoft Clarity
619,Facebook Pixel
619,HubSpot Analytics
619,TikTok Pixel
619,Hotjar
620,Google Analytics
621,comScore
621,Snowplow Analytics
621,Microsoft Clarity
621,Google Analytics
621,Google Ads Conversion Tracking
621,Marfeel
623,Microsoft Clarity
623,TikTok Pixel
623,Google Analytics
623,Everflow
623,Facebook Pixel
623,Linkedin Insight Tag
623,Hotjar
624,Google Analytics
625,Facebook Pixel
625,Google Analytics
625,Linkedin Insight Tag
625,Parse.ly
626,Facebook Pixel
626,TikTok Pixel
626,Microsoft Clarity
626,Google Ads Conversion Tracking
626,Google Analytics
627,Google Analytics
628,Microsoft Clarity
629,Google Analytics
630,Google Analytics
631,Facebook Pixel
631,Microsoft Clarity
631,Google Analytics
633,Google Analytics
634,Google Analytics
635,Google Analytics
635,Linkedin Insight Tag
635,Facebook Pixel
637,Linkedin Insight Tag
637,TikTok Pixel
637,Hotjar
637,Google Analytics
637,Pinterest Conversion Tag
637,Microsoft Clarity
637,Facebook Pixel
638,Facebook Pixel
638,Linkedin Insight Tag
638,Hotjar
638,Microsoft Clarity
638,Google Analytics
638,TikTok Pixel
639,Microsoft Clarity
639,Facebook Pixel
639,Cloudflare Browser Insights
639,TikTok Pixel
639,Google Analytics
641,Facebook Pixel
641,Hotjar
641,Mouse Flow
641,Google Analytics
641,Linkedin Insight Tag
641,TikTok Pixel
642,Google Analytics
642,Microsoft Clarity
643,Google Analytics
643,Facebook Pixel
643,Hotjar
643,TikTok Pixel
645,Google Analytics Enhanced eCommerce
645,Appsflyer
645,ClearSale
645,Facebook Pixel
645,Pinterest Conversion Tag
645,TikTok Pixel
645,Google Analytics
645,Crazy Egg
646,Google Analytics
646,MonsterInsights
647,Adjust
648,Google Analytics
649,Linkedin Insight Tag
649,Azure Monitor
649,Facebook Pixel
649,Google Analytics
649,Hotjar
649,VWO
650,Facebook Pixel
650,Linkedin Insight Tag
650,Microsoft Clarity
650,Google Analytics
651,Google Analytics
652,Facebook Pixel
652,Google Analytics
652,comScore
653,Google Analytics
654,Google Analytics
654,Facebook Pixel
655,Google Analytics
656,Google Analytics
656,Smartlook
657,Google Analytics
657,Microsoft Clarity
658,Google Analytics
659,Pinterest Conversion Tag
659,Linkedin Insight Tag
659,Facebook Pixel
659,Google Analytics
659,Navegg
659,Hotjar
661,MonsterInsights
661,Google Analytics
662,MonsterInsights
662,Google Analytics
662,VWO
664,Google Analytics
664,Facebook Pixel
665,TikTok Pixel
665,Linkedin Insight Tag
665,Google Analytics
665,VWO
665,AppDynamics
665,Adjust
665,Facebook Pixel
666,Google Analytics
666,VWO
667,Linkedin Insight Tag
667,Google Analytics
667,Facebook Pixel
668,Google Analytics
668,Facebook Pixel
668,Linkedin Insight Tag
670,Google Analytics
672,Google Analytics
672,MonsterInsights
673,Google Analytics
674,Google Analytics
674,Linkedin Insight Tag
674,Facebook Pixel
674,Hotjar
675,Google Analytics
676,Google Analytics
676,Site Kit
677,Google Analytics
677,Cloudflare Browser Insights
678,Google Analytics
678,Facebook Pixel
678,Hotjar
679,Google Analytics
679,Smartlook
680,Microsoft Clarity
680,Google Analytics
681,Google Analytics
682,Cloudflare Browser Insights
682,Microsoft Clarity
682,Facebook Pixel
682,Google Analytics
683,Linkedin Insight Tag
683,Microsoft Clarity
683,Appsflyer
683,Google Analytics
683,VWO
683,Facebook Pixel
683,Datadog
683,Pinterest Conversion Tag
683,TikTok Pixel
683,Matomo Analytics
683,Hotjar
684,Facebook Pixel
684,Google Analytics
685,Mixpanel
685,Facebook Pixel
685,Navegg
685,Google Analytics
685,Microsoft Clarity
685,TikTok Pixel
685,Pinterest Conversion Tag
686,Google Analytics
688,Navegg
688,Facebook Pixel
688,Google Analytics
689,Google Analytics
689,Google Ads Conversion Tracking
689,Facebook Pixel
689,Hotjar
693,Google Analytics
694,Cloudflare Browser Insights
694,Site Kit
694,Google Analytics
695,Microsoft Clarity
695,Google Analytics
695,Facebook Pixel
695,Linkedin Insight Tag
696,Google Analytics
696,Facebook Pixel
697,Google Analytics
698,Facebook Pixel
700,Google Analytics
702,Facebook Pixel
702,Google Analytics
702,Hotjar
702,Linkedin Insight Tag
702,Dynatrace
702,TikTok Pixel
704,Facebook Pixel
704,Crazy Egg
704,Microsoft Clarity
704,Linkedin Insight Tag
704,Google Analytics
705,Linkedin Insight Tag
705,Facebook Pixel
705,Google Analytics
705,Microsoft Clarity
706,Google Analytics
706,TikTok Pixel
706,Microsoft Clarity
706,Facebook Pixel
707,Facebook Pixel
707,Google Analytics
708,Facebook Pixel
708,Google Analytics
708,Microsoft Clarity
709,Microsoft Clarity
709,Google Analytics
709,Hotjar
709,Pinterest Conversion Tag
709,TikTok Pixel
709,Google Analytics Enhanced eCommerce
709,Facebook Pixel
709,Dynatrace
710,Facebook Pixel
710,Pinterest Conversion Tag
710,Google Analytics
711,Facebook Pixel
711,Google Analytics
711,Pinterest Conversion Tag
711,Hotjar
712,Google Analytics
713,Hotjar
713,Datadog
713,Microsoft Clarity
713,Pinterest Conversion Tag
713,Google Analytics Enhanced eCommerce
713,VWO
713,Google Analytics
713,Facebook Pixel
713,TikTok Pixel
714,Facebook Pixel
714,Google Analytics
715,Google Analytics
716,Dynatrace
717,Google Analytics
717,Datadog
718,Google Analytics Enhanced eCommerce
718,Facebook Pixel
718,Microsoft Clarity
718,Pinterest Conversion Tag
718,TikTok Pixel
718,Google Analytics
719,Google Analytics
720,Google Analytics
721,Facebook Pixel
721,Hotjar
721,TikTok Pixel
721,Google Analytics
721,Microsoft Clarity
722,Google Analytics
722,Dynatrace
722,Hotjar
723,Google Analytics
723,Site Kit
723,Facebook Pixel
724,Microsoft Clarity
724,Facebook Pixel
724,Google Analytics
724,Appsflyer
725,Google Analytics
725,Facebook Pixel
726,Facebook Pixel
726,Adobe Analytics
726,Google Analytics
726,Linkedin Insight Tag
727,Matomo Analytics
727,Site Kit
727,MonsterInsights
727,Google Analytics
728,Google Analytics
728,Site Kit
730,Google Analytics
731,MonsterInsights
731,Google Analytics
732,Facebook Pixel
732,Google Ads Conversion Tracking
732,Linkedin Insight Tag
732,Medallia
732,Google Analytics
733,Google Ads Conversion Tracking
733,Linkedin Insight Tag
733,Google Analytics
733,Facebook Pixel
733,Medallia
734,Google Analytics
734,Snowplow Analytics
735,Hotjar
735,Google Ads Conversion Tracking
735,Google Analytics
735,Facebook Pixel
735,Microsoft Clarity
736,Microsoft Clarity
736,Google Analytics
738,Google Analytics
738,Facebook Pixel
739,Pinterest Conversion Tag
739,Google Analytics
739,Facebook Pixel
739,Hotjar
739,Navegg
741,Facebook Pixel
741,Hotjar
741,Linkedin Insight Tag
741,Google Analytics Enhanced eCommerce
741,Pinterest Conversion Tag
741,Skai
741,Appsflyer
741,TikTok Pixel
741,BugSnag
741,Google Analytics
742,Facebook Pixel
742,Google Analytics
742,Linkedin Insight Tag
742,Appsflyer
742,Microsoft Clarity
743,Google Analytics
743,Navegg
744,Google Analytics
744,Hotjar
744,Linkedin Insight Tag
744,Facebook Pixel
745,Facebook Pixel
745,Microsoft Clarity
745,Linkedin Insight Tag
745,Google Analytics
745,Appsflyer
745,TikTok Pixel
745,Google Analytics Enhanced eCommerce
746,Facebook Pixel
746,Microsoft Clarity
746,Google Analytics
746,Linkedin Insight Tag
747,Pinterest Conversion Tag
747,Linkedin Insight Tag
747,Crazy Egg
747,Facebook Pixel
747,Google Analytics
747,Hotjar
747,Mouse Flow
748,Cloudflare Browser Insights
748,Google Analytics
749,Linkedin Insight Tag
749,Google Analytics
749,TikTok Pixel
749,Microsoft Clarity
749,Kwai pixel
749,Pinterest Conversion Tag
749,Facebook Pixel
750,Facebook Pixel
750,TikTok Pixel
750,Hotjar
750,Microsoft Clarity
750,Mixpanel
750,ClearSale
750,Google Analytics Enhanced eCommerce
750,Google Analytics
750,Pinterest Conversion Tag
751,Facebook Pixel
751,Mixpanel
751,Google Analytics
752,Appsflyer
752,Facebook Pixel
752,Google Analytics
752,VWO
752,Hotjar
752,Google Analytics Enhanced eCommerce
752,Dynatrace
752,TikTok Pixel
752,Pinterest Conversion Tag
753,Google Analytics
756,Linkedin Insight Tag
756,Hotjar
756,TikTok Pixel
756,Google Analytics
756,Microsoft Clarity
756,Facebook Pixel
757,Google Analytics
757,Facebook Pixel
758,Google Analytics
759,Google Analytics
760,Google Analytics
761,Google Analytics
761,Cloudflare Browser Insights
762,Google Analytics
762,MonsterInsights
763,Google Analytics
764,Dynatrace
764,Medallia
764,Google Analytics
765,Google Analytics
765,Facebook Pixel
766,Google Analytics
767,Linkedin Insight Tag
767,Google Analytics
767,Hotjar
767,Microsoft Clarity
767,TikTok Pixel
767,Pinterest Conversion Tag
767,Facebook Pixel
768,Facebook Pixel
768,Google Analytics
769,Facebook Pixel
769,Google Analytics
770,Site Kit
770,Google Analytics
771,Site Kit
771,Google Analytics
772,Mixpanel
772,Cloudflare Browser Insights
774,Facebook Pixel
774,Google Analytics
774,Linkedin Insight Tag
775,Google Analytics
777,Facebook Pixel
777,TikTok Pixel
777,Hotjar
777,Google Analytics
777,Kwai pixel
782,Hotjar
782,Microsoft Clarity
782,Facebook Pixel
782,TikTok Pixel
782,Google Analytics
783,Google Analytics
785,Google Analytics
785,MonsterInsights
786,Google Analytics
787,Google Analytics
787,Cloudflare Browser Insights
789,Facebook Pixel
789,Hotjar
789,Navegg
789,Google Analytics
790,Cloudflare Browser Insights
791,Google Analytics
791,Kwai pixel
791,Facebook Pixel
791,TikTok Pixel
791,Pinterest Conversion Tag
791,Microsoft Clarity
792,Google Analytics
793,Facebook Pixel
793,Navegg
793,Google Analytics
794,Google Analytics
794,Google Analytics Enhanced eCommerce
794,TikTok Pixel
794,Facebook Pixel
794,Braze
794,Hotjar
794,Pinterest Conversion Tag
795,Microsoft Clarity
795,Pinterest Conversion Tag
795,Skai
795,TikTok Pixel
795,Facebook Pixel
795,Google Analytics
796,Linkedin Insight Tag
796,Facebook Pixel
796,Google Analytics
796,Hotjar
797,TikTok Pixel
797,Hotjar
797,Microsoft Clarity
797,Google Analytics
797,Facebook Pixel
799,Facebook Pixel
799,Google Analytics
800,MonsterInsights
800,Google Analytics
801,Microsoft Clarity
801,Facebook Pixel
801,Crazy Egg
801,Linkedin Insight Tag
801,Pinterest Conversion Tag
801,Datadog
801,Google Analytics
803,Google Analytics
803,Facebook Pixel
804,Google Analytics
804,Microsoft Clarity
804,Hotjar
805,Microsoft Clarity
805,Google Analytics
806,Google Analytics
806,TikTok Pixel
806,Hotjar
806,Dynatrace
806,Facebook Pixel
806,AppDynamics
806,VWO
807,Hotjar
807,Navegg
807,Facebook Pixel
807,Google Analytics
807,Cloudflare Browser Insights
807,Linkedin Insight Tag
808,Cloudflare Browser Insights
808,Google Analytics
808,Amplitude
808,Facebook Pixel
808,Hotjar
808,Microsoft Clarity
809,Facebook Pixel
809,Google Analytics
811,Google Analytics
812,Microsoft Clarity
812,Google Analytics
812,Snowplow Analytics
813,Google Analytics
814,Facebook Pixel
814,Google Analytics
814,Microsoft Clarity
815,Linkedin Insight Tag
815,Facebook Pixel
815,Microsoft Clarity
815,Google Analytics
816,TikTok Pixel
816,Google Analytics
816,Dynatrace
816,Hotjar
816,Adobe Analytics
816,Linkedin Insight Tag
816,Microsoft Clarity
816,Facebook Pixel
817,Microsoft Clarity
817,Facebook Pixel
817,Adobe Analytics
817,Dynatrace
817,TikTok Pixel
817,Linkedin Insight Tag
817,Google Analytics
817,Hotjar
818,Facebook Pixel
819,Facebook Pixel
820,Google Analytics
821,Google Analytics
821,Pinterest Conversion Tag
821,Amplitude
821,Facebook Pixel
821,Microsoft Clarity
821,Google Analytics Enhanced eCommerce
823,Hotjar
823,Google Analytics
823,Facebook Pixel
824,TikTok Pixel
824,VWO
824,Hotjar
824,Microsoft Clarity
824,Facebook Pixel
824,Lucky Orange
825,Google Analytics
825,Linkedin Insight Tag
825,Microsoft Clarity
825,Facebook Pixel
828,Facebook Pixel
828,Elastic APM
828,Crazy Egg
828,Marfeel
828,Hotjar
828,Google Analytics
829,Google Analytics
829,Hotjar
829,VWO
829,Microsoft Clarity
829,Facebook Pixel
829,Linkedin Insight Tag
830,Google Ads Conversion Tracking
830,Google Analytics
830,Facebook Pixel
831,Google Analytics
832,Linkedin Insight Tag
832,Facebook Pixel
832,Contentsquare
832,Google Analytics
833,Albacross
833,Facebook Pixel
833,Hotjar
833,Google Analytics
833,Linkedin Insight Tag
834,Google Analytics
834,Site Kit
835,TikTok Pixel
835,Hotjar
835,Microsoft Clarity
835,FullStory
835,Google Analytics
835,Google Analytics Enhanced eCommerce
835,Amplitude
835,Pinterest Conversion Tag
835,Facebook Pixel
836,Hotjar
836,Google Analytics
836,Dynatrace
836,Facebook Pixel
837,Google Analytics
838,Google Analytics
839,Adobe Analytics
840,Google Analytics
841,Facebook Pixel
841,Google Analytics
841,Hotjar
843,Google Analytics
844,Google Analytics
844,Microsoft Clarity
845,Google Ads Conversion Tracking
845,Google Analytics
846,Site Kit
846,Google Analytics
847,Google Analytics
847,Cloudflare Browser Insights
847,Facebook Pixel
847,Google Ads Conversion Tracking
848,Google Analytics
848,Navegg
848,Crazy Egg
849,Google Analytics
850,Linkedin Insight Tag
850,Facebook Pixel
850,Google Analytics
850,Microsoft Clarity
851,Google Analytics
851,Microsoft Clarity
851,Facebook Pixel
853,Google Analytics
854,Google Analytics
855,Google Analytics
857,Linkedin Insight Tag
857,Contentsquare
857,Dynatrace
857,Facebook Pixel
857,Microsoft Clarity
857,Skai
857,Google Analytics
857,Hotjar
858,Google Analytics
859,Google Analytics
861,Google Analytics
862,Google Analytics
863,Google Analytics
863,Facebook Pixel
865,Google Analytics
866,Google Analytics
866,Crazy Egg
866,Facebook Pixel
867,Facebook Pixel
867,Linkedin Insight Tag
867,Hotjar
867,Google Analytics
867,TikTok Pixel
867,HubSpot Analytics
868,Linkedin Insight Tag
868,Hotjar
868,HubSpot Analytics
868,Google Analytics
868,Facebook Pixel
870,Google Analytics
870,Matomo Analytics
870,Linkedin Insight Tag
871,Google Analytics
871,Snowplow Analytics
872,Hotjar
872,Microsoft Clarity
872,TikTok Pixel
872,Facebook Pixel
872,Google Analytics
873,Google Analytics
873,Hotjar
873,Linkedin Insight Tag
873,Facebook Pixel
873,Microsoft Clarity
873,TikTok Pixel
873,Kwai pixel
874,Google Analytics
874,Site Kit
877,Kwai pixel
877,TikTok Pixel
877,Microsoft Clarity
877,Google Analytics
877,Facebook Pixel
878,Google Analytics
879,Dynatrace
879,Smartlook
879,Google Analytics
879,Microsoft Clarity
879,Amplitude
879,Linkedin Insight Tag
879,Crazy Egg
879,Mouse Flow
879,Hotjar
879,Facebook Pixel
879,TikTok Pixel
879,Pinterest Conversion Tag
879,Appsflyer
880,Hotjar
880,Google Analytics
880,TikTok Pixel
880,Linkedin Insight Tag
880,Microsoft Clarity
880,Facebook Pixel
881,Facebook Pixel
881,Google Ads Conversion Tracking
881,Pinterest Conversion Tag
881,Google Analytics
881,HubSpot Analytics
881,Hotjar
881,Linkedin Insight Tag
883,Google Analytics
883,MonsterInsights
884,Facebook Pixel
884,Google Analytics
885,Crazy Egg
885,Google Ads Conversion Tracking
885,Google Analytics
885,Hotjar
885,Linkedin Insight Tag
885,ClearSale
885,Facebook Pixel
886,Google Analytics
888,Google Analytics
888,MonsterInsights
889,Facebook Pixel
889,Google Analytics
889,Linkedin Insight Tag
889,Hotjar
890,Hotjar
890,Amplitude
890,Microsoft Clarity
890,Google Analytics
890,Adjust
890,Facebook Pixel
890,Skai
890,Snowplow Analytics
890,Linkedin Insight Tag
890,TikTok Pixel
892,Navegg
892,Google Analytics
892,Google Ads Conversion Tracking
892,Facebook Pixel
893,Google Analytics
893,Hotjar
893,Linkedin Insight Tag
893,Google Ads Conversion Tracking
893,Facebook Pixel
894,Facebook Pixel
894,Quantum Metric
894,Google Analytics
896,Google Analytics
897,Google Analytics
897,DoubleVerify
897,FullStory
897,Medallia
898,Google Analytics
899,Google Analytics
901,TikTok Pixel
901,Google Analytics
901,Microsoft Clarity
901,Linkedin Insight Tag
901,Facebook Pixel
901,Google Ads Conversion Tracking
902,Mouse Flow
902,TikTok Pixel
902,Crazy Egg
902,Facebook Pixel
902,Hotjar
902,Microsoft Clarity
902,Google Analytics
902,Plausible
903,Google Analytics
903,Google Ads Conversion Tracking
904,Google Analytics
904,Facebook Pixel
905,Google Analytics
906,Parse.ly
906,Facebook Pixel
906,Piwik PRO Core
906,TikTok Pixel
906,Demandbase
906,Hotjar
906,Google Analytics
906,Alexa Certified Site Metrics
906,Microsoft Clarity
906,Linkedin Insight Tag
908,Facebook Pixel
908,Google Analytics Enhanced eCommerce
908,Pinterest Conversion Tag
908,TikTok Pixel
908,Google Analytics
908,Hotjar
908,VWO
909,Google Analytics
911,Crazy Egg
911,Amplitude
911,Google Analytics
911,Google Analytics Enhanced eCommerce
911,Facebook Pixel
911,Microsoft Clarity
911,TikTok Pixel
912,Facebook Pixel
912,Google Analytics
913,Microsoft Clarity
913,Facebook Pixel
913,VWO
913,TikTok Pixel
913,Acquia Personalization
913,Google Analytics
914,Facebook Pixel
914,Navegg
914,Microsoft Clarity
914,Linkedin Insight Tag
914,TikTok Pixel
914,Google Analytics
915,Facebook Pixel
915,Linkedin Insight Tag
915,Google Analytics
916,TikTok Pixel
916,HubSpot Analytics
916,Google Analytics
916,Facebook Pixel
916,Hotjar
917,Pinterest Conversion Tag
917,TikTok Pixel
917,Microsoft Clarity
917,Google Analytics
917,Google Analytics Enhanced eCommerce
917,AppDynamics
917,ClearSale
917,Hotjar
917,Facebook Pixel
927,Google Analytics
928,Google Analytics
928,Hotjar
928,Facebook Pixel
928,Site Kit
929,Facebook Pixel
929,Google Analytics
929,Google Ads Conversion Tracking
930,Google Analytics
930,MonsterInsights
933,Decibel
933,Adobe Analytics
934,Google Analytics
935,Google Analytics
936,Google Analytics
937,Linkedin Insight Tag
937,PixelYourSite
937,Google Analytics
937,Facebook Pixel
939,Google Analytics
940,AppDynamics
940,Linkedin Insight Tag
940,Adjust
940,VWO
940,Facebook Pixel
940,Navegg
940,TikTok Pixel
940,Pinterest Conversion Tag
940,Google Analytics
940,Microsoft Clarity
940,Hotjar
941,Hotjar
941,Linkedin Insight Tag
941,TikTok Pixel
941,Facebook Pixel
941,Google Ads Conversion Tracking
941,Google Analytics
945,HubSpot Analytics
945,Linkedin Insight Tag
945,Hotjar
945,Google Analytics
945,Facebook Pixel
946,Facebook Pixel
946,Google Analytics
947,Hotjar
947,Facebook Pixel
947,Linkedin Insight Tag
947,Google Analytics
948,Google Analytics
948,Cloudflare Browser Insights
950,Google Analytics
951,Chartbeat
951,Facebook Pixel
951,Microsoft Clarity
951,comScore
951,Google Analytics
951,Hotjar
952,Google Analytics
952,Facebook Pixel
952,Google Ads Conversion Tracking
953,AppDynamics
953,Google Analytics
953,ClearSale
953,Facebook Pixel
953,TikTok Pixel
953,Adjust
953,Linkedin Insight Tag
954,Google Analytics
954,Dynatrace
954,Instana
955,Google Analytics
956,Facebook Pixel
956,Microsoft Clarity
956,TikTok Pixel
956,Pinterest Conversion Tag
956,Linkedin Insight Tag
956,Google Analytics
957,Google Analytics
957,Hotjar
957,Dynatrace
959,Google Analytics
959,Facebook Pixel
959,Linkedin Insight Tag
961,Cloudflare Browser Insights
962,Pinterest Conversion Tag
962,Google Analytics
962,Google Analytics Enhanced eCommerce
962,TikTok Pixel
962,Azure Monitor
962,Facebook Pixel
962,Hotjar
962,Microsoft Clarity
963,Google Analytics
964,Google Analytics
964,Facebook Pixel
964,Linkedin Insight Tag
965,Hotjar
965,Linkedin Insight Tag
965,Google Analytics
965,Facebook Pixel
969,Adobe Analytics
969,Microsoft Clarity
969,Hotjar
969,TikTok Pixel
969,FullStory
969,Facebook Pixel
969,Dynatrace
969,Google Analytics
969,Datadog
970,FullStory
970,TikTok Pixel
970,Amplitude
970,Google Analytics
970,Dynatrace
970,Microsoft Clarity
971,Google Analytics
972,Hotjar
972,Medallia
973,Linkedin Insight Tag
973,Google Analytics
974,Google Analytics
977,Adobe Analytics
978,Google Analytics
978,Leadfeeder
978,Microsoft Clarity
978,AppDynamics
978,Linkedin Insight Tag
978,Facebook Pixel
979,Pinterest Conversion Tag
979,Facebook Pixel
979,VWO
979,Google Analytics
979,Hotjar
979,ClearSale
979,Google Analytics Enhanced eCommerce
979,TikTok Pixel
979,Braze
980,Google Analytics
981,Microsoft Clarity
981,Dynatrace
981,Google Analytics
981,Medallia
982,Google Analytics
982,Microsoft Clarity
982,Dynatrace
982,Medallia
983,Navegg
983,Google Analytics
985,Google Analytics
985,Azure Monitor
985,Microsoft Clarity
986,Google Analytics
987,Hotjar
987,Amplitude
987,Google Analytics
988,Google Analytics
988,Medallia
988,Linkedin Insight Tag
989,Hotjar
989,Google Analytics
989,Microsoft Clarity
990,Google Analytics
990,Site Kit
991,Navegg
991,Google Analytics
991,Hotjar
991,Facebook Pixel
992,Google Analytics
993,Dynatrace
993,Medallia
993,Google Analytics
994,Google Analytics
1005,Microsoft Clarity
1005,Hotjar
1005,Google Analytics
1006,Google Analytics
1007,Google Analytics
1009,Elastic APM
1009,Google Analytics
1009,Linkedin Insight Tag
1010,Google Analytics
1010,Dynatrace
1011,Facebook Pixel
1011,Hotjar
1011,Google Analytics
1012,Linkedin Insight Tag
1012,Google Analytics
1012,VWO
1012,Microsoft Clarity
1012,Cloudflare Browser Insights
1012,Facebook Pixel
1013,Hotjar
1013,Pinterest Conversion Tag
1013,TikTok Pixel
1013,Google Analytics
1013,Facebook Pixel
1014,Facebook Pixel
1014,Adobe Analytics
1014,Pinterest Conversion Tag
1014,UserZoom
1014,TikTok Pixel
1014,Linkedin Insight Tag
1014,Google Analytics
1015,Google Analytics
1016,Facebook Pixel
1016,TikTok Pixel
1016,Pinterest Conversion Tag
1016,Microsoft Clarity
1016,Medallia
1016,FullStory
1016,Everflow
1016,Google Analytics
1017,Google Analytics
1017,MonsterInsights
1018,Google Analytics
1019,Everflow
1019,Hotjar
1019,Facebook Pixel
1019,Crazy Egg
1019,Pinterest Conversion Tag
1019,Linkedin Insight Tag
1019,Google Analytics
1019,TikTok Pixel
1020,Google Ads Conversion Tracking
1020,ClickTale
1020,Linkedin Insight Tag
1020,Google Analytics
1020,Decibel
1020,Pinterest Conversion Tag
1020,Adobe Analytics
1020,Facebook Pixel
1020,Beusable
1020,Contentsquare
1020,Microsoft Clarity
1020,TikTok Pixel
1020,Medallia
1020,Branch
1021,Facebook Pixel
1021,Google Analytics
1022,Facebook Pixel
1022,Google Analytics
1022,Linkedin Insight Tag
1024,Google Analytics
1026,Linkedin Insight Tag
1026,Google Analytics
1027,Hotjar
1027,Linkedin Insight Tag
1027,Facebook Pixel
1027,Google Analytics
1028,Google Analytics
1030,Google Analytics
1031,Google Analytics
1031,Cloudflare Browser Insights
1032,TikTok Pixel
1032,Linkedin Insight Tag
1032,Google Analytics
1032,Facebook Pixel
1033,Site Kit
1034,Google Analytics
1034,Hotjar
1035,Microsoft Clarity
1037,Google Analytics
1037,Site Kit
1038,Google Analytics
1038,TikTok Pixel
1038,Facebook Pixel
1041,Facebook Pixel
1041,Azure Monitor
1041,Siteimprove
1041,Google Analytics
1043,Kwai pixel
1043,Facebook Pixel
1043,TikTok Pixel
1043,Microsoft Clarity
1043,Hotjar
1043,Navegg
1043,Skai
1043,Linkedin Insight Tag
1043,Google Analytics Enhanced eCommerce
1043,Google Analytics
1044,Google Analytics
1045,Dynatrace
1045,Google Analytics
1047,Google Analytics
1047,Hotjar
1047,Google Ads Conversion Tracking
1047,Facebook Pixel
1048,Facebook Pixel
1048,Google Analytics
1048,Hotjar
1048,Mouse Flow
1049,Google Analytics
1050,Site Kit
1050,Google Analytics
1051,Google Analytics
1052,Google Analytics
1052,Facebook Pixel
1052,Hotjar
1053,Microsoft Power BI
1053,Piwik PRO Core
1054,Google Analytics
1055,Google Analytics
1056,Google Analytics
1056,Adobe Analytics
1056,Facebook Pixel
1056,ClearSale
1058,Google Analytics
1059,Google Analytics
1061,Facebook Pixel
1061,Google Analytics
1061,Site Kit
1061,Linkedin Insight Tag
1063,Google Analytics
1064,FullStory
1064,Google Analytics Enhanced eCommerce
1064,Hotjar
1064,Google Analytics
1064,Microsoft Clarity
1064,Facebook Pixel
1066,Google Analytics
1066,Facebook Pixel
1067,Linkedin Insight Tag
1067,Facebook Pixel
1068,Google Analytics
1069,Linkedin Insight Tag
1069,Facebook Pixel
1069,Google Analytics
1070,Facebook Pixel
1070,Google Analytics
1071,Cloudflare Browser Insights
1071,Google Analytics
1072,Google Analytics
1074,Facebook Pixel
1075,Facebook Pixel
1075,Microsoft Clarity
1075,Hotjar
1075,Google Analytics Enhanced eCommerce
1075,Google Analytics
1076,Google Analytics Enhanced eCommerce
1076,Crazy Egg
1076,TikTok Pixel
1076,Microsoft Clarity
1076,Facebook Pixel
1076,Google Analytics
1077,Google Analytics
1077,MonsterInsights
1078,MonsterInsights
1079,Facebook Pixel
1079,Google Analytics
1080,Google Analytics
1082,Facebook Pixel
1082,Google Analytics
1082,Google Ads Conversion Tracking
1083,Facebook Pixel
1083,Google Analytics
1084,Google Analytics
1084,Facebook Pixel
1085,Google Analytics
1085,TikTok Pixel
1085,Microsoft Clarity
1085,Facebook Pixel
1085,ClearSale
1085,HubSpot Analytics
1087,Google Analytics
1087,Facebook Pixel
1089,Google Analytics
1090,Linkedin Insight Tag
1090,Crazy Egg
1090,Cloudflare Browser Insights
1090,Facebook Pixel
1090,Google Analytics
1091,Facebook Pixel
1091,Linkedin Insight Tag
1091,Google Analytics
1091,TikTok Pixel
1092,Linkedin Insight Tag
1092,Hotjar
1092,Facebook Pixel
1092,Google Analytics
1093,TikTok Pixel
1093,Snowplow Analytics
1093,Facebook Pixel
1093,Microsoft Clarity
1093,Hotjar
1093,Linkedin Insight Tag
1093,Datadog
1093,Adobe Analytics
1093,Google Analytics
1093,Dynatrace
