ID,CDN
1,Cloudflare
1,cdnjs
2,Cloudflare
2,cdnjs
2,Unpkg
4,Akamai
6,Google Hosted Libraries
9,Google Hosted Libraries
11,jsDelivr
15,Cloudflare
16,jQuery CDN
16,jsDelivr
16,Cloudflare
18,cdnjs
18,Cloudflare
19,Cloudflare
21,cdnjs
21,Cloudflare
25,Amazon CloudFront
25,jsDelivr
25,Cloudflare
26,Cloudflare
26,jsDelivr
26,Google Hosted Libraries
26,cdnjs
28,Akamai
30,cdnjs
30,Cloudflare
30,Google Cloud CDN
32,Akamai
33,Akamai
34,Amazon S3
34,Amazon CloudFront
38,cdnjs
38,Cloudflare
38,Google Hosted Libraries
38,Microsoft Ajax Content Delivery Network
38,jQuery CDN
38,jsDelivr
40,Google Hosted Libraries
42,Cloudflare
43,cdnjs
43,Cloudflare
43,jsDelivr
44,cdnjs
44,Cloudflare
47,Cloudflare
48,Amazon S3
49,Google Hosted Libraries
49,Cloudflare
49,cdnjs
49,Amazon S3
50,Cloudflare
50,cdnjs
50,jsDelivr
50,jQuery CDN
52,Cloudflare
52,cdnjs
55,cdnjs
55,Cloudflare
56,Cloudflare
56,cdnjs
57,cdnjs
57,Cloudflare
57,Amazon S3
58,Amazon CloudFront
58,cdnjs
58,Cloudflare
58,Google Hosted Libraries
58,Amazon S3
59,jsDelivr
61,Amazon S3
62,jQuery CDN
62,jsDelivr
62,cdnjs
62,Cloudflare
63,Cloudflare
64,Cloudflare
64,cdnjs
65,Cloudflare
65,jsDelivr
65,cdnjs
66,Cloudflare
66,jsDelivr
66,Unpkg
66,Amazon S3
67,Akamai
67,jsDelivr
71,Google Cloud CDN
71,Cloudflare
71,jsDelivr
75,GoCache
76,cdnjs
76,Cloudflare
76,jsDelivr
77,Cloudflare
77,Amazon S3
77,cdnjs
78,Google Cloud CDN
80,Google Hosted Libraries
80,jsDelivr
81,cdnjs
81,Cloudflare
85,Cloudflare
85,Unpkg
85,jsDelivr
86,Amazon CloudFront
86,Unpkg
88,Cloudflare
88,jsDelivr
89,Amazon CloudFront
89,Google Hosted Libraries
90,jsDelivr
90,Cloudflare
90,cdnjs
95,jsDelivr
99,cdnjs
99,Cloudflare
99,jsDelivr
100,Cloudflare
100,cdnjs
103,Cloudflare
103,cdnjs
106,Imperva
106,Cloudflare
106,cdnjs
107,jQuery CDN
107,Cloudflare
107,jsDelivr
107,cdnjs
110,Cloudflare
110,jsDelivr
110,cdnjs
111,Cloudflare
111,Google Cloud CDN
112,Cloudflare
112,cdnjs
113,GoCache
115,Akamai
116,jQuery CDN
116,Cloudflare
116,cdnjs
116,Unpkg
117,Cloudflare
120,Cloudflare
121,Cloudflare
122,Cloudflare
122,jsDelivr
122,cdnjs
122,Sucuri
124,Google Hosted Libraries
124,Cloudflare
124,Amazon S3
124,Amazon CloudFront
125,cdnjs
125,jQuery CDN
125,Cloudflare
125,jsDelivr
126,cdnjs
126,jsDelivr
126,Cloudflare
126,Amazon CloudFront
128,cdnjs
128,Cloudflare
133,Cloudflare
133,jsDelivr
134,jQuery CDN
134,Cloudflare
134,cdnjs
136,Unpkg
136,Cloudflare
136,cdnjs
136,jQuery CDN
137,DigitalOcean Spaces
137,Cloudflare
137,cdnjs
138,Cloudflare
138,jQuery CDN
138,cdnjs
140,Cloudinary
141,Amazon CloudFront
141,Amazon S3
141,Akamai
142,cdnjs
142,Sucuri
142,Cloudflare
146,Cloudflare
146,Imperva
146,cdnjs
147,Imperva
148,Imperva
149,Imperva
149,Amazon S3
152,Akamai
153,Amazon S3
155,jQuery CDN
155,Unpkg
155,cdnjs
155,Cloudflare
155,Amazon CloudFront
155,Amazon S3
155,jsDelivr
155,Google Hosted Libraries
156,cdnjs
156,Cloudflare
156,jQuery CDN
156,Unpkg
156,jsDelivr
158,cdnjs
158,Cloudflare
160,Unpkg
161,Google Hosted Libraries
161,cdnjs
161,Cloudflare
163,Amazon CloudFront
165,cdnjs
165,Cloudflare
165,jsDelivr
166,Cloudflare
166,jQuery CDN
166,cdnjs
167,Cloudflare
168,Amazon CloudFront
169,jQuery CDN
169,Cloudflare
169,cdnjs
169,jsDelivr
170,Unpkg
170,cdnjs
170,Cloudflare
170,jsDelivr
170,Akamai
171,Cloudflare
172,Amazon S3
174,Cloudflare
174,jsDelivr
176,Unpkg
177,Amazon CloudFront
178,Amazon CloudFront
179,Amazon CloudFront
180,jsDelivr
181,jsDelivr
183,Unpkg
183,Cloudflare
184,Cloudflare
184,cdnjs
184,jsDelivr
184,Google Hosted Libraries
185,Cloudflare
187,Google Hosted Libraries
188,Cloudflare
190,Imperva
191,Amazon S3
191,Amazon CloudFront
193,cdnjs
193,Cloudflare
195,Amazon CloudFront
195,Amazon S3
195,Akamai
198,Cloudflare
201,jsDelivr
201,Google Cloud CDN
203,Google Hosted Libraries
204,Hostinger CDN
205,Cloudflare
206,Cloudflare
208,Amazon CloudFront
209,jQuery CDN
209,Amazon CloudFront
209,cdnjs
209,Cloudflare
210,Amazon S3
210,Amazon CloudFront
211,Cloudflare
211,Google Hosted Libraries
212,Amazon CloudFront
212,jQuery CDN
212,Amazon S3
212,Cloudflare
212,jsDelivr
212,Google Hosted Libraries
212,Unpkg
212,cdnjs
214,cdnjs
214,Cloudflare
215,Imperva
216,cdnjs
216,Cloudflare
219,Google Hosted Libraries
221,Akamai
222,jsDelivr
222,Imperva
222,Cloudflare
222,cdnjs
223,Amazon S3
223,Amazon CloudFront
224,jsDelivr
224,Cloudflare
224,cdnjs
225,cdnjs
225,Cloudflare
226,Cloudflare
226,cdnjs
226,Amazon CloudFront
226,Unpkg
228,cdnjs
228,Cloudflare
229,Cloudflare
229,Akamai
229,Google Hosted Libraries
230,Google Cloud CDN
232,Amazon S3
232,Amazon CloudFront
233,jsDelivr
233,Amazon S3
233,Imperva
233,jQuery CDN
234,Amazon CloudFront
234,Unpkg
236,GoCache
236,cdnjs
236,Cloudflare
240,Amazon CloudFront
241,cdnjs
241,Cloudflare
242,Cloudflare
243,Cloudflare
243,Google Hosted Libraries
245,Google Hosted Libraries
245,Cloudflare
245,cdnjs
246,Sucuri
246,Unpkg
249,Akamai
250,Imperva
251,Cloudflare
252,Cloudflare
252,Amazon CloudFront
253,cdnjs
253,Cloudflare
254,Cloudflare
255,cdnjs
255,Cloudflare
257,Google Cloud CDN
258,Cloudflare
258,cdnjs
260,cdnjs
260,Google Hosted Libraries
260,Cloudflare
261,Imperva
262,cdnjs
262,Google Hosted Libraries
262,Cloudflare
263,Amazon CloudFront
264,Akamai
265,Cloudflare
265,cdnjs
265,Amazon S3
266,cdnjs
266,Cloudflare
267,cdnjs
267,Cloudflare
270,Google Cloud CDN
271,Fastly
271,Unpkg
272,jsDelivr
273,Google Hosted Libraries
273,Cloudflare
274,Unpkg
274,jQuery CDN
277,Amazon S3
277,Cloudflare
277,cdnjs
280,cdnjs
280,Cloudflare
280,Amazon S3
281,Amazon S3
282,cdnjs
282,Cloudflare
282,Amazon S3
285,cdnjs
285,Cloudflare
285,jsDelivr
286,Cloudflare
286,cdnjs
289,Imperva
290,Amazon S3
291,cdnjs
291,Cloudflare
291,Amazon S3
292,Cloudflare
292,Amazon S3
292,cdnjs
293,Amazon S3
295,Akamai
295,Amazon S3
296,Amazon S3
298,cdnjs
298,Cloudflare
300,Unpkg
300,Google Hosted Libraries
301,jsDelivr
301,Unpkg
302,Cloudflare
302,jsDelivr
303,Cloudflare
303,jsDelivr
303,cdnjs
305,Cloudflare
305,cdnjs
306,Cloudflare
306,jQuery CDN
307,Cloudflare
308,jsDelivr
308,Google Hosted Libraries
311,Amazon CloudFront
311,Akamai
312,Akamai
314,Akamai
315,Akamai
316,Cloudflare
317,jsDelivr
317,Cloudflare
317,cdnjs
318,jQuery CDN
319,Akamai
320,GoCache
320,cdnjs
320,jsDelivr
320,Cloudflare
322,cdnjs
322,Cloudflare
322,Unpkg
323,Cloudflare
324,Google Cloud CDN
324,jsDelivr
324,Cloudflare
324,Imperva
324,Google Hosted Libraries
324,cdnjs
325,cdnjs
325,Cloudflare
325,jQuery CDN
328,Cloudflare
330,jsDelivr
330,Cloudflare
332,cdnjs
332,jQuery CDN
332,Cloudflare
333,Cloudflare
333,Google Cloud CDN
335,cdnjs
335,Cloudflare
335,jsDelivr
336,Cloudflare
336,Google Hosted Libraries
337,Cloudflare
338,Cloudflare
339,Cloudflare
340,Cloudflare
340,jsDelivr
341,Amazon CloudFront
343,Amazon CloudFront
343,Amazon S3
344,jsDelivr
344,Google Hosted Libraries
346,Akamai
346,Amazon S3
346,Amazon CloudFront
347,Google Hosted Libraries
347,Imperva
347,Cloudflare
347,jsDelivr
348,Unpkg
348,Cloudflare
349,GoCache
351,cdnjs
351,Cloudflare
353,cdnjs
353,Cloudflare
356,Cloudflare
357,jsDelivr
357,Cloudflare
357,cdnjs
358,jQuery CDN
359,Google Hosted Libraries
359,jQuery CDN
359,Cloudflare
359,cdnjs
360,Akamai
362,Cloudflare
362,cdnjs
364,Imperva
365,Cloudflare
366,Cloudflare
367,Cloudflare
367,jsDelivr
367,Google Hosted Libraries
368,cdnjs
368,Cloudflare
368,Amazon S3
369,jQuery CDN
370,cdnjs
370,Unpkg
370,jQuery CDN
370,jsDelivr
370,Cloudflare
371,Imperva
371,Amazon CloudFront
372,Akamai
372,cdnjs
372,Cloudflare
372,jQuery CDN
372,jsDelivr
374,Akamai
375,Cloudflare
376,Cloudflare
377,jsDelivr
379,Cloudflare
380,Unpkg
380,jsDelivr
380,Google Hosted Libraries
380,cdnjs
380,Akamai
380,jQuery CDN
380,Cloudflare
381,Imperva
381,jsDelivr
381,Cloudflare
381,cdnjs
382,Cloudflare
382,cdnjs
383,Imperva
384,Cloudflare
384,Google Hosted Libraries
385,Cloudflare
386,Cloudflare
387,Cloudflare
388,Imperva
388,Amazon S3
388,jsDelivr
389,Cloudflare
389,jQuery CDN
390,Cloudflare
390,cdnjs
391,Cloudflare
391,cdnjs
391,jsDelivr
391,jQuery CDN
393,Imperva
394,Cloudflare
395,Amazon S3
396,Google Hosted Libraries
397,Unpkg
397,Akamai
398,Cloudflare
398,Amazon S3
398,Amazon CloudFront
399,Amazon CloudFront
401,Akamai
402,Google Hosted Libraries
403,Amazon CloudFront
403,Amazon S3
404,Akamai
404,Amazon S3
405,Akamai
406,jQuery CDN
406,Google Hosted Libraries
407,Akamai
407,cdnjs
407,Cloudflare
407,jsDelivr
409,Amazon CloudFront
409,Cloudflare
410,Cloudflare
412,Azion
414,Cloudflare
414,cdnjs
415,cdnjs
415,Cloudflare
420,Cloudflare
420,Amazon CloudFront
421,cdnjs
421,Akamai
421,Cloudflare
422,Cloudflare
424,Cloudflare
424,cdnjs
424,jsDelivr
425,Akamai
425,Cloudflare
425,jsDelivr
425,cdnjs
425,jQuery CDN
426,Cloudflare
426,jQuery CDN
426,cdnjs
426,Unpkg
426,jsDelivr
429,Cloudflare
429,jsDelivr
429,jQuery CDN
429,cdnjs
429,Unpkg
430,Akamai
430,jsDelivr
430,Unpkg
430,Cloudflare
430,cdnjs
431,jsDelivr
432,Google Hosted Libraries
432,Unpkg
432,jsDelivr
432,Cloudflare
435,Cloudflare
435,Akamai
435,jsDelivr
436,jsDelivr
436,cdnjs
436,Cloudflare
439,jsDelivr
439,Google Hosted Libraries
439,Amazon CloudFront
440,Akamai
440,Amazon S3
440,Cloudinary
441,Google Hosted Libraries
442,Akamai
443,Imperva
446,Akamai
447,Akamai
448,Akamai
449,Akamai
449,cdnjs
449,Cloudflare
450,Cloudflare
452,jsDelivr
452,Amazon S3
452,Cloudflare
452,cdnjs
453,cdnjs
453,jQuery CDN
453,Cloudflare
454,Amazon CloudFront
455,Imperva
455,Cloudflare
455,cdnjs
456,cdnjs
456,Cloudflare
457,Cloudflare
458,Amazon S3
459,Akamai
459,Cloudflare
459,cdnjs
460,Cloudflare
460,jsDelivr
461,Akamai
463,Akamai
463,cdnjs
463,Unpkg
463,Cloudflare
463,jsDelivr
467,Amazon CloudFront
468,Google Hosted Libraries
468,jsDelivr
468,cdnjs
468,Unpkg
468,Cloudflare
471,Akamai
472,Cloudflare
473,Google Cloud CDN
473,Cloudflare
473,Unpkg
476,Akamai
476,jsDelivr
476,Google Hosted Libraries
477,Unpkg
478,Google Hosted Libraries
478,jQuery CDN
480,jsDelivr
481,cdnjs
481,Cloudflare
481,jsDelivr
481,jQuery CDN
484,Cloudflare
485,cdnjs
485,Amazon CloudFront
485,Cloudflare
485,jsDelivr
489,jQuery CDN
490,Cloudflare
491,Akamai
492,Amazon S3
493,Amazon S3
494,Cloudflare
494,Unpkg
494,cdnjs
495,jsDelivr
496,Akamai
497,Imgix
499,cdnjs
499,Google Hosted Libraries
499,Cloudflare
500,Akamai
503,jsDelivr
503,Unpkg
503,cdnjs
503,Cloudflare
507,Amazon S3
507,Amazon CloudFront
509,Cloudflare
512,jsDelivr
512,Amazon S3
512,Cloudflare
512,Unpkg
513,Akamai
515,Amazon S3
515,Cloudflare
515,cdnjs
516,Google Cloud CDN
517,jsDelivr
517,cdnjs
517,Cloudflare
517,Unpkg
519,jsDelivr
520,Cloudflare
520,jsDelivr
522,Cloudflare
522,cdnjs
523,cdnjs
523,Cloudflare
523,jsDelivr
523,jQuery CDN
523,Amazon CloudFront
525,Cloudflare
526,cdnjs
526,Cloudflare
526,Amazon S3
527,jQuery CDN
527,jsDelivr
527,Cloudflare
527,cdnjs
527,Unpkg
528,Google Hosted Libraries
528,cdnjs
528,Cloudflare
528,jsDelivr
530,Google Cloud CDN
531,Cloudflare
532,Cloudflare
533,jsDelivr
534,Amazon CloudFront
535,Akamai
536,Amazon S3
537,jQuery CDN
537,jsDelivr
538,Amazon CloudFront
538,Imperva
538,Cloudinary
538,Cloudflare
538,cdnjs
539,jsDelivr
539,Fastly
540,Amazon CloudFront
540,Cloudflare
540,cdnjs
540,Google Hosted Libraries
540,jsDelivr
540,Amazon S3
541,Cloudflare
541,cdnjs
543,jQuery CDN
544,Akamai
546,jQuery CDN
546,jsDelivr
547,Imperva
549,jsDelivr
549,Cloudflare
549,cdnjs
550,cdnjs
550,Bunny
550,Cloudflare
550,jsDelivr
550,Unpkg
551,cdnjs
551,Cloudflare
551,jsDelivr
552,cdnjs
552,Cloudflare
552,Unpkg
554,Cloudflare
555,jsDelivr
555,Cloudflare
555,cdnjs
555,Unpkg
556,Amazon CloudFront
556,cdnjs
556,Unpkg
556,jsDelivr
556,Cloudflare
557,jsDelivr
557,Amazon CloudFront
557,cdnjs
557,Cloudflare
558,cdnjs
558,Cloudflare
558,Amazon CloudFront
559,Cloudflare
559,cdnjs
560,Akamai
560,Unpkg
562,jsDelivr
562,Microsoft Ajax Content Delivery Network
567,Cloudflare
567,cdnjs
567,jsDelivr
568,jsDelivr
569,Akamai
569,Unpkg
571,GoCache
573,Cloudflare
573,cdnjs
573,jsDelivr
573,jQuery CDN
575,Imperva
576,jQuery CDN
576,jsDelivr
576,Sucuri
576,cdnjs
576,Cloudflare
576,Google Hosted Libraries
576,Unpkg
577,Imperva
578,Unpkg
578,Akamai
578,Google Hosted Libraries
579,Amazon CloudFront
579,cdnjs
579,Cloudflare
579,jQuery CDN
579,Amazon S3
580,Amazon CloudFront
580,Cloudflare
582,Unpkg
582,Akamai
584,Akamai
584,DigitalOcean Spaces
585,Amazon S3
585,Google Hosted Libraries
585,Imperva
585,jsDelivr
586,Cloudflare
586,Amazon CloudFront
586,jQuery CDN
587,Cloudflare
587,Amazon CloudFront
587,jQuery CDN
588,Cloudflare
588,cdnjs
588,jsDelivr
590,jsDelivr
590,Amazon S3
593,Google Hosted Libraries
593,Unpkg
593,jQuery CDN
593,cdnjs
593,Cloudflare
594,Cloudflare
595,Akamai
596,Amazon S3
596,Google Cloud CDN
597,jQuery CDN
600,Cloudflare
600,cdnjs
600,GoCache
601,Amazon CloudFront
601,Cloudflare
603,jsDelivr
603,jQuery CDN
604,cdnjs
604,Amazon S3
604,Cloudflare
605,jQuery CDN
605,Unpkg
606,Amazon S3
607,jQuery CDN
607,cdnjs
607,Cloudflare
608,Akamai
609,Google Hosted Libraries
612,Cloudflare
613,Google Hosted Libraries
613,jsDelivr
613,Cloudflare
613,cdnjs
614,Cloudflare
615,Cloudflare
615,cdnjs
616,cdnjs
616,jsDelivr
616,Cloudflare
617,jQuery CDN
617,jsDelivr
617,Amazon S3
618,jsDelivr
619,Cloudflare
619,Unpkg
619,Akamai
620,Cloudflare
620,cdnjs
621,jsDelivr
623,Cloudflare
623,jsDelivr
623,cdnjs
624,jQuery CDN
624,jsDelivr
624,Cloudflare
624,cdnjs
625,Akamai
625,Amazon CloudFront
626,Unpkg
627,Unpkg
628,Amazon CloudFront
630,Amazon S3
630,Amazon CloudFront
632,Google Cloud CDN
633,Cloudflare
634,cdnjs
634,Cloudflare
634,jsDelivr
634,jQuery CDN
635,Unpkg
636,Akamai
637,Netlify
638,jsDelivr
639,Cloudflare
639,Amazon S3
640,Akamai
641,Akamai
641,Unpkg
641,Cloudflare
641,cdnjs
642,Google Cloud CDN
642,jsDelivr
642,Cloudinary
643,Cloudflare
645,Amazon CloudFront
645,Cloudflare
645,Amazon S3
645,cdnjs
646,Amazon S3
647,Amazon S3
647,Akamai
647,Amazon CloudFront
648,cdnjs
648,Cloudflare
649,Cloudflare
650,Amazon S3
650,Imperva
651,Google Cloud CDN
652,jQuery CDN
652,cdnjs
652,jsDelivr
652,Cloudflare
653,jQuery CDN
653,Cloudflare
653,cdnjs
653,Unpkg
653,Google Hosted Libraries
655,Amazon CloudFront
657,cdnjs
657,Cloudflare
658,Cloudflare
658,cdnjs
659,cdnjs
659,jsDelivr
659,Amazon S3
659,Cloudflare
659,Imperva
661,Cloudflare
661,Amazon S3
661,cdnjs
662,Amazon S3
662,cdnjs
662,Cloudflare
663,Microsoft Ajax Content Delivery Network
665,cdnjs
665,Amazon S3
665,Amazon CloudFront
665,Akamai
665,Cloudflare
667,Amazon CloudFront
668,Amazon CloudFront
672,Amazon S3
673,Imperva
674,jQuery CDN
674,Amazon CloudFront
675,Cloudflare
675,cdnjs
677,Cloudflare
679,Amazon CloudFront
681,Cloudflare
682,Sucuri
682,Cloudflare
683,Cloudflare
683,Amazon CloudFront
683,cdnjs
683,Amazon S3
683,Unpkg
684,Akamai
684,Amazon S3
685,Amazon CloudFront
685,Google Hosted Libraries
688,Google Hosted Libraries
689,Akamai
689,cdnjs
689,Unpkg
689,Cloudflare
690,Amazon CloudFront
692,Cloudflare
692,Google Hosted Libraries
692,cdnjs
693,Amazon S3
693,Bunny
694,Cloudflare
695,Cloudflare
695,Amazon S3
695,Google Hosted Libraries
697,Cloudflare
697,Unpkg
697,jsDelivr
697,Google Hosted Libraries
697,cdnjs
698,Cloudflare
698,cdnjs
699,Amazon CloudFront
699,Amazon S3
700,Unpkg
700,Cloudflare
700,cdnjs
701,Google Cloud CDN
702,cdnjs
702,Akamai
702,Cloudflare
702,jsDelivr
703,Akamai
704,Amazon S3
705,jsDelivr
705,cdnjs
705,Cloudflare
706,Cloudflare
706,Akamai
708,Amazon CloudFront
708,jsDelivr
708,Cloudflare
708,cdnjs
709,Google Hosted Libraries
709,Cloudflare
709,cdnjs
710,Google Cloud CDN
711,jQuery CDN
711,Amazon CloudFront
711,cdnjs
711,Cloudflare
713,Google Cloud CDN
713,Amazon S3
714,Amazon CloudFront
714,jsDelivr
715,cdnjs
715,Amazon CloudFront
715,Cloudflare
715,jQuery CDN
717,cdnjs
717,Cloudflare
718,Amazon S3
719,Cloudflare
720,Cloudflare
721,jsDelivr
721,Cloudflare
723,Cloudflare
723,cdnjs
724,Amazon CloudFront
726,Akamai
729,Google Cloud CDN
730,jsDelivr
731,Cloudflare
731,cdnjs
732,Amazon CloudFront
733,Amazon CloudFront
735,Cloudflare
735,cdnjs
735,jsDelivr
736,Imperva
738,Amazon CloudFront
740,jsDelivr
741,Cloudflare
741,cdnjs
741,Unpkg
741,Amazon CloudFront
742,Akamai
742,jsDelivr
744,jsDelivr
745,Google Cloud CDN
745,cdnjs
745,Cloudflare
746,Google Cloud CDN
746,Cloudflare
747,Cloudflare
747,cdnjs
747,jsDelivr
748,Cloudflare
749,Cloudflare
749,jQuery CDN
749,cdnjs
750,Amazon CloudFront
750,Cloudflare
750,cdnjs
752,Amazon S3
752,Akamai
752,jsDelivr
756,jsDelivr
756,Unpkg
756,Akamai
756,Google Cloud CDN
758,Cloudflare
758,cdnjs
759,jQuery CDN
761,Cloudflare
762,Amazon S3
762,Unpkg
762,Cloudflare
762,cdnjs
763,cdnjs
763,Cloudflare
763,jsDelivr
765,Cloudflare
765,cdnjs
765,Amazon CloudFront
767,Cloudflare
767,cdnjs
768,Cloudflare
768,Amazon S3
769,Cloudflare
769,Amazon S3
770,jQuery CDN
770,jsDelivr
770,Cloudflare
770,cdnjs
771,jQuery CDN
771,jsDelivr
771,cdnjs
771,Cloudflare
772,Cloudflare
772,jQuery CDN
774,Cloudflare
774,Google Hosted Libraries
775,jQuery CDN
777,Amazon CloudFront
777,Amazon S3
778,Cloudflare
778,cdnjs
778,Google Hosted Libraries
779,Cloudflare
779,cdnjs
779,Google Hosted Libraries
780,Cloudflare
781,Google Cloud CDN
782,Cloudflare
783,jsDelivr
784,jsDelivr
785,Cloudflare
785,cdnjs
785,Amazon S3
786,jsDelivr
787,Cloudflare
788,cdnjs
788,Cloudflare
789,jQuery CDN
790,Cloudflare
791,Amazon CloudFront
793,cdnjs
793,Cloudflare
793,jsDelivr
793,Google Hosted Libraries
794,Cloudflare
794,jsDelivr
794,cdnjs
794,Akamai
794,Unpkg
795,jQuery CDN
797,Amazon S3
797,Amazon CloudFront
799,Google Hosted Libraries
800,cdnjs
800,Cloudflare
800,Imperva
803,cdnjs
803,jsDelivr
803,Cloudflare
804,Imperva
806,Unpkg
806,Imperva
806,Amazon CloudFront
806,jQuery CDN
807,Amazon S3
807,Cloudflare
807,jQuery CDN
808,Cloudflare
812,Imperva
813,Sucuri
813,Google Hosted Libraries
814,Akamai
815,cdnjs
815,Cloudflare
816,Google Hosted Libraries
816,Unpkg
817,Unpkg
817,Google Hosted Libraries
818,Google Hosted Libraries
818,cdnjs
818,Cloudflare
818,Google Cloud CDN
819,Cloudflare
819,Google Hosted Libraries
819,cdnjs
819,Google Cloud CDN
821,Amazon CloudFront
821,Amazon S3
822,Akamai
823,Akamai
823,Amazon CloudFront
824,Akamai
824,Amazon CloudFront
824,Amazon S3
825,Cloudflare
825,cdnjs
826,Cloudflare
826,cdnjs
826,jsDelivr
826,jQuery CDN
828,jsDelivr
828,Cloudflare
829,jsDelivr
829,Amazon S3
829,Akamai
829,Amazon CloudFront
832,Amazon CloudFront
833,Bunny
834,Cloudflare
834,cdnjs
834,jQuery CDN
835,jQuery CDN
835,Cloudflare
835,cdnjs
835,Google Hosted Libraries
835,Akamai
836,Imperva
837,Unpkg
838,cdnjs
838,Cloudflare
839,Cloudflare
839,Amazon CloudFront
840,jQuery CDN
840,Cloudflare
840,cdnjs
841,jsDelivr
841,Cloudflare
842,Google Cloud CDN
845,Unpkg
845,jQuery CDN
847,Cloudflare
848,jsDelivr
848,cdnjs
848,Cloudflare
848,jQuery CDN
850,Akamai
851,Cloudflare
851,cdnjs
851,jsDelivr
854,jsDelivr
854,cdnjs
854,Cloudflare
854,jQuery CDN
855,jsDelivr
856,Amazon CloudFront
857,Akamai
859,jsDelivr
859,Google Hosted Libraries
859,cdnjs
859,Cloudflare
863,Cloudflare
863,cdnjs
865,Sucuri
865,Cloudflare
866,Amazon CloudFront
867,Amazon CloudFront
867,Amazon S3
868,jQuery CDN
868,jsDelivr
868,Amazon S3
869,Akamai
870,cdnjs
870,Cloudflare
873,Akamai
877,Google Hosted Libraries
877,jsDelivr
877,Amazon S3
877,GoCache
878,Cloudflare
878,cdnjs
878,Imperva
879,Amazon CloudFront
879,Imperva
879,Amazon S3
879,Akamai
880,Imperva
880,jsDelivr
881,Akamai
882,Google Cloud CDN
883,Amazon S3
884,Google Hosted Libraries
884,Cloudflare
884,cdnjs
884,Akamai
885,Amazon S3
885,jQuery CDN
889,jsDelivr
889,Cloudflare
889,cdnjs
890,Cloudinary
890,cdnjs
890,Amazon CloudFront
890,jsDelivr
890,Cloudflare
891,Cloudflare
892,Cloudflare
892,Google Hosted Libraries
893,jsDelivr
893,Google Hosted Libraries
893,Cloudflare
894,Akamai
896,Cloudflare
897,Google Hosted Libraries
899,Cloudflare
899,Google Hosted Libraries
899,cdnjs
899,Imperva
900,cdnjs
900,Imperva
900,Cloudflare
901,Cloudflare
901,jQuery CDN
901,cdnjs
901,Amazon S3
901,jsDelivr
902,Unpkg
902,Cloudflare
902,cdnjs
903,Cloudflare
903,cdnjs
904,Cloudflare
904,Amazon S3
905,jQuery CDN
905,cdnjs
905,Cloudflare
906,cdnjs
906,Cloudflare
907,cdnjs
907,jQuery CDN
907,Cloudflare
907,Unpkg
907,Microsoft Ajax Content Delivery Network
908,Unpkg
908,Cloudflare
908,cdnjs
908,Amazon CloudFront
909,Azion
911,jsDelivr
911,Cloudflare
911,Amazon CloudFront
911,cdnjs
912,Google Cloud CDN
913,Unpkg
913,Cloudflare
913,jsDelivr
913,Imperva
913,cdnjs
914,Unpkg
914,Imperva
915,Cloudflare
915,cdnjs
915,Unpkg
916,cdnjs
916,Cloudflare
916,jsDelivr
916,jQuery CDN
917,Cloudflare
917,jsDelivr
917,Amazon S3
928,Cloudflare
928,Unpkg
928,Sucuri
928,jsDelivr
928,cdnjs
928,Google Hosted Libraries
929,Cloudflare
930,Amazon S3
934,cdnjs
934,jsDelivr
934,Cloudflare
934,jQuery CDN
935,Akamai
937,Unpkg
939,cdnjs
939,Cloudflare
939,Google Hosted Libraries
940,Amazon S3
941,Cloudflare
941,jsDelivr
941,Google Cloud CDN
941,cdnjs
945,jsDelivr
945,Unpkg
946,Akamai
947,Akamai
948,jQuery CDN
948,Cloudflare
948,Unpkg
950,jsDelivr
951,Amazon CloudFront
951,Bunny
951,jsDelivr
952,cdnjs
952,Cloudflare
952,Google Hosted Libraries
952,jsDelivr
953,Amazon CloudFront
953,Akamai
954,cdnjs
954,Cloudflare
955,Google Hosted Libraries
956,Google Cloud CDN
959,jsDelivr
959,Unpkg
961,Cloudflare
961,Google Hosted Libraries
962,Amazon CloudFront
962,Unpkg
963,Akamai
964,jsDelivr
965,cdnjs
965,Cloudflare
969,Akamai
970,Akamai
970,Unpkg
970,jsDelivr
970,Imperva
971,Google Hosted Libraries
971,jQuery CDN
971,Cloudflare
972,Akamai
974,cdnjs
974,Amazon S3
974,Cloudflare
977,Amazon CloudFront
978,jsDelivr
978,Cloudflare
978,cdnjs
979,Unpkg
979,jQuery CDN
979,Amazon S3
979,Amazon CloudFront
981,Unpkg
981,Akamai
982,Unpkg
982,Akamai
983,Unpkg
984,Imperva
985,Unpkg
985,Microsoft Ajax Content Delivery Network
985,Cloudflare
986,jsDelivr
987,Amazon CloudFront
987,cdnjs
987,Cloudflare
988,Google Hosted Libraries
988,Amazon S3
988,Imperva
988,Netlify
989,Amazon CloudFront
989,Imperva
990,Cloudflare
991,jsDelivr
991,jQuery CDN
992,Cloudflare
992,cdnjs
993,Unpkg
993,jQuery CDN
993,Cloudflare
993,cdnjs
1005,Akamai
1007,cdnjs
1007,jsDelivr
1007,Cloudflare
1009,Cloudflare
1010,Amazon CloudFront
1010,Azure CDN
1010,EdgeCast
1011,Cloudflare
1012,Google Hosted Libraries
1012,Cloudflare
1013,Unpkg
1013,Amazon CloudFront
1014,Azure CDN
1015,Google Cloud CDN
1016,Cloudflare
1016,Akamai
1016,Unpkg
1017,cdnjs
1017,Amazon S3
1017,Cloudflare
1017,Akamai
1019,Cloudflare
1019,jQuery CDN
1019,cdnjs
1020,Cloudflare
1020,cdnjs
1020,Akamai
1021,Cloudflare
1022,Cloudflare
1022,cdnjs
1022,Akamai
1023,Unpkg
1024,Cloudflare
1024,Unpkg
1024,cdnjs
1024,jsDelivr
1025,Cloudflare
1026,jQuery CDN
1026,Google Cloud CDN
1026,Cloudflare
1026,cdnjs
1027,Akamai
1029,jQuery CDN
1029,cdnjs
1029,Cloudflare
1029,jsDelivr
1030,Google Hosted Libraries
1031,Cloudflare
1031,Google Hosted Libraries
1031,jQuery CDN
1032,cdnjs
1032,Amazon CloudFront
1032,Cloudflare
1032,jsDelivr
1033,jsDelivr
1033,Cloudflare
1033,cdnjs
1035,cdnjs
1035,Cloudflare
1035,jsDelivr
1035,Imperva
1036,Unpkg
1036,Cloudflare
1037,Cloudflare
1038,cdnjs
1038,jQuery CDN
1038,Cloudflare
1038,Amazon CloudFront
1041,cdnjs
1041,Cloudflare
1043,Cloudflare
1043,jQuery CDN
1043,Amazon CloudFront
1043,Amazon S3
1043,Google Hosted Libraries
1043,cdnjs
1044,Google Hosted Libraries
1044,Akamai
1044,Amazon CloudFront
1044,Amazon S3
1045,Amazon CloudFront
1046,Cloudflare
1047,Akamai
1048,jQuery CDN
1050,Imperva
1052,Cloudflare
1052,cdnjs
1053,Amazon CloudFront
1054,Cloudflare
1054,cdnjs
1055,Amazon CloudFront
1056,Unpkg
1056,Amazon S3
1061,Unpkg
1061,Google Cloud CDN
1062,Microsoft Ajax Content Delivery Network
1064,Amazon S3
1064,Cloudflare
1065,cdnjs
1065,Cloudflare
1065,jsDelivr
1065,jQuery CDN
1066,Cloudflare
1066,cdnjs
1066,jsDelivr
1067,jsDelivr
1070,Google Hosted Libraries
1071,Cloudflare
1073,Amazon S3
1073,Cloudflare
1076,Amazon CloudFront
1076,Amazon S3
1076,Cloudflare
1076,cdnjs
1076,Google Hosted Libraries
1079,Google Hosted Libraries
1079,cdnjs
1079,Cloudflare
1079,jsDelivr
1080,jsDelivr
1080,Cloudflare
1080,Google Hosted Libraries
1081,Cloudflare
1082,Google Hosted Libraries
1082,Cloudflare
1083,cdnjs
1083,Cloudflare
1084,Google Hosted Libraries
1084,Cloudflare
1085,Amazon S3
1085,jsDelivr
1087,Cloudflare
1089,jsDelivr
1089,cdnjs
1089,Cloudflare
1090,Cloudflare
1090,cdnjs
1091,Cloudflare
1092,Amazon CloudFront
1093,Imperva
1093,Amazon CloudFront
1093,Amazon S3
1093,jsDelivr
