ID,CRM
16,Hi Platform
16,Salesforce
85,Salesforce
103,Salesforce
170,Salesforce
206,Salesforce
248,Salesforce
255,Salesforce
257,Salesforce
262,Salesforce
265,Salesforce
324,Salesforce
330,Salesforce
344,Salesforce
351,Zoho
359,Salesforce
367,Salesforce
367,Zoho
398,Zoho
405,Freshworks CRM
413,Bitrix24
431,Salesforce
439,Salesforce
463,Salesforce
471,Salesforce
485,Salesforce
497,Salesforce
505,Salesforce
513,Salesforce
528,Salesforce
540,Dito
552,Salesforce
553,Salesforce
554,Salesforce
581,Salesforce
590,Salesforce
617,Salesforce
617,Salesforce Service Cloud
619,Salesforce
636,Salesforce Desk
667,Salesforce
668,Salesforce
674,Salesforce
682,Salesforce
702,Salesforce
705,Salesforce
706,Hi Platform
711,Dito
717,Salesforce
718,Dito
736,Zoho
749,Salesforce
751,Salesforce
751,Zoho
809,Salesforce
844,Salesforce
844,Salesforce Service Cloud
845,Salesforce
866,Salesforce
884,Zoho
886,Zoho
894,Cognigy
899,Salesforce
901,Salesforce
902,Dito
911,Dito
917,Salesforce
955,Zoho
978,Salesforce
986,Salesforce
991,Dito
1007,Salesforce
1012,Salesforce
1016,Salesforce
1020,Sprinklr
1021,Salesforce
1021,Salesforce Service Cloud
1026,Salesforce
1047,Salesforce
1051,Salesforce
1065,Salesforce
