ID,Databases
2,MySQL
3,MySQL
6,MySQL
11,MySQL
16,PostgreSQL
24,MySQL
25,MySQL
26,MySQL
27,MySQL
35,MySQL
36,MySQL
37,MySQL
38,MySQL
39,MySQL
42,MySQL
43,MySQL
44,MySQL
46,MySQL
48,MySQL
50,MySQL
51,MySQL
53,MySQL
54,MySQL
55,MySQL
56,MySQL
57,MySQL
58,MySQL
60,MySQL
61,MySQL
62,Redis
62,MySQL
64,MySQL
65,MySQL
66,MySQL
72,MySQL
73,MySQL
75,MySQL
76,MySQL
77,MySQL
80,MySQL
81,MySQL
82,MySQL
87,MySQL
88,MySQL
91,MySQL
93,MySQL
95,MySQL
96,MySQL
97,MySQL
100,MySQL
101,MySQL
102,MySQL
104,MySQL
106,MySQL
107,MySQL
107,Redis
108,MySQL
109,MySQL
111,Firebase
112,MySQL
113,MySQL
114,MySQL
119,MySQL
120,MySQL
121,MySQL
122,MySQL
123,MySQL
124,Firebase
124,MySQL
126,MySQL
128,MySQL
132,MySQL
133,MySQL
136,MySQL
137,MySQL
139,MySQL
142,MySQL
143,MySQL
145,MySQL
150,MySQL
151,MySQL
153,MySQL
155,MySQL
156,MySQL
157,MySQL
158,MySQL
159,MySQL
160,MySQL
161,MySQL
162,Firebase
164,MySQL
165,MySQL
167,Firebase
169,MySQL
170,MySQL
171,MySQL
172,MySQL
174,MySQL
176,MySQL
184,Redis
184,MySQL
185,MySQL
186,MySQL
187,MySQL
191,Firebase
193,MySQL
197,MySQL
198,MySQL
200,MySQL
203,MySQL
204,MySQL
205,Redis
205,MySQL
212,MySQL
214,MySQL
215,MySQL
216,MySQL
217,MySQL
220,MySQL
222,MySQL
224,MySQL
225,MySQL
234,MySQL
235,MySQL
236,MySQL
238,MySQL
239,MySQL
240,MySQL
241,MySQL
246,MySQL
248,MySQL
250,MySQL
254,MySQL
255,MySQL
258,MySQL
258,Redis
259,MySQL
262,Firebase
266,MySQL
267,MySQL
269,MySQL
271,MySQL
271,MariaDB
273,MySQL
274,MySQL
275,MySQL
277,MySQL
280,MySQL
281,MySQL
282,MySQL
283,MySQL
286,MySQL
288,MySQL
290,MySQL
291,MySQL
292,MySQL
293,MySQL
294,MySQL
295,MySQL
296,MySQL
298,MySQL
299,MySQL
303,MySQL
304,MySQL
305,MySQL
307,MySQL
308,MySQL
309,MySQL
310,MySQL
311,Firebase
316,MySQL
317,MySQL
318,MySQL
319,MySQL
320,MySQL
322,MySQL
324,MySQL
325,MySQL
328,MySQL
330,MySQL
331,MySQL
332,MySQL
333,MySQL
334,MySQL
335,MySQL
337,MySQL
339,MySQL
341,MySQL
341,Redis
345,MySQL
349,MySQL
350,MySQL
353,MySQL
354,MySQL
355,MySQL
359,Firebase
361,MySQL
362,MySQL
364,MySQL
365,MySQL
368,MySQL
372,MySQL
374,Firebase
379,MySQL
380,MySQL
382,MySQL
383,MySQL
391,MySQL
392,MySQL
393,MySQL
395,MySQL
399,MySQL
400,MySQL
410,MySQL
412,MySQL
413,MySQL
422,MySQL
429,MySQL
436,MySQL
437,MySQL
450,MySQL
453,MySQL
455,MySQL
458,MySQL
464,MySQL
467,MySQL
470,MySQL
474,MySQL
478,MySQL
487,MySQL
489,MySQL
492,MySQL
493,MySQL
494,MySQL
499,MySQL
500,MySQL
501,MySQL
502,MySQL
503,MySQL
514,MySQL
515,MySQL
518,MySQL
519,MySQL
520,MySQL
526,MySQL
528,MySQL
533,MySQL
535,MySQL
536,MySQL
537,MySQL
539,MariaDB
546,MySQL
548,MySQL
550,MySQL
552,MySQL
555,MySQL
558,MySQL
559,MySQL
560,MySQL
561,MySQL
570,MySQL
571,MySQL
572,MySQL
575,MySQL
576,MySQL
579,MySQL
580,Firebase
581,MySQL
593,MySQL
599,MySQL
601,MySQL
604,MySQL
606,MySQL
608,MySQL
609,MySQL
611,MySQL
615,MySQL
617,MySQL
622,MySQL
624,MySQL
626,MySQL
627,MySQL
628,MySQL
632,MySQL
633,MySQL
635,MySQL
639,MySQL
646,MySQL
650,MySQL
656,MySQL
657,MySQL
661,MySQL
662,MySQL
664,MySQL
670,MySQL
672,MySQL
674,MySQL
676,MySQL
681,MySQL
682,MySQL
686,MySQL
689,MySQL
692,MySQL
694,MySQL
697,MySQL
698,MySQL
704,MySQL
705,MySQL
707,MySQL
708,Firebase
714,MySQL
715,MySQL
723,MySQL
725,MySQL
727,MySQL
728,MySQL
731,MySQL
734,MySQL
742,MySQL
745,Firebase
747,MySQL
748,MySQL
752,Firebase
753,MySQL
758,MySQL
759,MySQL
762,MySQL
767,MySQL
768,MySQL
769,MySQL
770,MySQL
771,MySQL
776,MySQL
777,Firebase
778,MySQL
779,MySQL
780,MySQL
783,MySQL
785,MySQL
788,MySQL
791,MySQL
792,MySQL
793,MySQL
794,MySQL
795,Firebase
799,MySQL
800,MySQL
802,MySQL
803,MySQL
807,MySQL
808,MySQL
811,MySQL
812,MySQL
818,MySQL
819,MySQL
820,MySQL
823,MySQL
827,MySQL
828,Firebase
828,PostgreSQL
828,MySQL
829,MySQL
833,MySQL
834,MySQL
838,MySQL
842,MySQL
845,MySQL
846,MySQL
848,MySQL
854,MySQL
858,MySQL
863,MySQL
864,MySQL
865,MySQL
867,Firebase
868,MySQL
874,MySQL
877,MySQL
883,MySQL
884,MySQL
888,MySQL
889,MySQL
899,MySQL
900,MySQL
902,PostgreSQL
903,MySQL
905,MySQL
907,MySQL
910,MySQL
914,MySQL
915,MySQL
916,MySQL
927,MySQL
928,MySQL
930,MySQL
931,MySQL
935,MySQL
936,MySQL
936,Redis
937,MySQL
951,Firebase
952,MySQL
954,MySQL
962,Firebase
965,MySQL
973,MySQL
978,MySQL
979,MySQL
980,MySQL
983,MySQL
990,MySQL
991,MySQL
992,MySQL
1007,MySQL
1012,Redis
1012,MySQL
1015,MySQL
1016,MySQL
1017,MySQL
1023,MySQL
1026,MySQL
1028,MySQL
1029,MySQL
1031,MySQL
1033,MySQL
1037,MySQL
1040,MySQL
1046,MySQL
1047,MySQL
1048,MySQL
1050,MySQL
1051,MySQL
1052,MySQL
1054,MySQL
1055,MySQL
1056,MySQL
1058,MySQL
1060,MySQL
1061,MySQL
1065,MySQL
1067,MySQL
1069,MySQL
1074,MySQL
1077,MySQL
1078,MySQL
1079,MySQL
1081,MySQL
1082,MySQL
1084,MySQL
1086,MySQL
1087,MySQL
1089,MySQL
1090,MySQL
1093,MySQL
1094,MySQL
