ID,Ecommerce
4,Cart Functionality
11,Cart Functionality
16,Cart Functionality
16,VTEX
19,Cart Functionality
25,Cart Functionality
26,Magento
27,WooCommerce
34,Cart Functionality
39,WooCommerce
39,Cart Functionality
42,Cart Functionality
43,WooCommerce
49,Nuvemshop
52,Cart Functionality
58,Cart Functionality
61,Cart Functionality
67,Cart Functionality
74,Cart Functionality
75,Cart Functionality
83,Cart Functionality
91,Cart Functionality
97,WooCommerce
100,Cart Functionality
101,Cart Functionality
105,Cart Functionality
119,WooCommerce
123,WooCommerce
124,Magento
126,Cart Functionality
130,Cart Functionality
149,Cart Functionality
150,WooCommerce
176,PrestaShop
183,Cart Functionality
186,WooCommerce
200,Cart Functionality
206,Salesforce Commerce Cloud
206,Cart Functionality
208,Cart Functionality
208,VTEX
209,VTEX
210,Moovin
211,Shopify
211,Cart Functionality
212,Cart Functionality
231,Cart Functionality
234,Cart Functionality
236,Cart Functionality
236,Magento
244,Cart Functionality
245,Webflow Ecommerce
252,Cart Functionality
252,Amazon Webstore
274,Cart Functionality
277,PrestaShop
280,PrestaShop
281,PrestaShop
286,PrestaShop
291,PrestaShop
294,PrestaShop
300,Cart Functionality
303,Cart Functionality
304,Cart Functionality
306,Cart Functionality
318,Cart Functionality
319,Magento
324,Cart Functionality
332,Cart Functionality
332,Magento
333,Magento
335,Cart Functionality
339,WooCommerce
344,Cart Functionality
347,Cart Functionality
350,Cart Functionality
350,Magento
351,Cart Functionality
351,Shopify
353,Magento
355,WooCommerce
356,Cart Functionality
359,Webflow Ecommerce
368,PrestaShop
370,Cart Functionality
370,SAP Commerce Cloud
373,Cart Functionality
374,Cart Functionality
377,Cart Functionality
385,SAP Commerce Cloud
385,Cart Functionality
388,Cart Functionality
390,VTEX
390,Cart Functionality
396,Cart Functionality
396,Dooca
399,Cart Functionality
399,Magento
400,Cart Functionality
405,Cart Functionality
412,Magento
414,Cart Functionality
415,Cart Functionality
420,Cart Functionality
422,Cart Functionality
422,Amazon Webstore
424,Cart Functionality
428,Cart Functionality
432,Cart Functionality
432,Webflow Ecommerce
434,Cart Functionality
438,Squarespace Commerce
438,Cart Functionality
440,Cart Functionality
447,Cart Functionality
449,Cart Functionality
454,Cart Functionality
456,Botble CMS
459,Cart Functionality
462,Cart Functionality
463,Amazon Webstore
463,Cart Functionality
464,WooCommerce
465,Cart Functionality
473,Cart Functionality
476,Cart Functionality
485,Cart Functionality
485,VTEX
490,Cart Functionality
491,Cart Functionality
496,Amazon Webstore
500,Cart Functionality
500,Amazon Webstore
500,Magento
510,Cart Functionality
514,Cart Functionality
515,PrestaShop
518,Cart Functionality
519,Magento
521,Cart Functionality
525,Cart Functionality
529,Cart Functionality
533,Cart Functionality
534,VTEX
534,Cart Functionality
535,Amazon Webstore
536,PrestaShop
538,Cart Functionality
540,VTEX
540,Linx Commerce
540,Cart Functionality
542,Cart Functionality
543,Cart Functionality
550,PrestaShop
550,Cart Functionality
551,Cart Functionality
554,Cart Functionality
555,Magento
555,Cart Functionality
556,Cart Functionality
556,VTEX
557,Cart Functionality
557,VTEX
567,Cart Functionality
573,Cart Functionality
580,Cart Functionality
582,Oracle Commerce Cloud
582,Cart Functionality
584,Cart Functionality
586,Cart Functionality
586,VTEX
587,Cart Functionality
587,VTEX
588,Cart Functionality
596,Cart Functionality
601,Magento
602,Cart Functionality
606,PrestaShop
612,Cart Functionality
613,Cart Functionality
614,Cart Functionality
619,Cart Functionality
621,Cart Functionality
626,Magento
626,Cart Functionality
632,Wix eCommerce
639,Magento
639,Cart Functionality
645,VTEX
645,Cart Functionality
646,PrestaShop
647,Cart Functionality
648,Cart Functionality
649,Cart Functionality
657,Cart Functionality
658,Cart Functionality
661,PrestaShop
662,Cart Functionality
662,PrestaShop
665,Cart Functionality
666,Cart Functionality
670,Magento
672,PrestaShop
683,Cart Functionality
684,Cart Functionality
685,Cart Functionality
685,VTEX
689,Oracle Commerce Cloud
689,Cart Functionality
689,Magento
691,Squarespace Commerce
691,Cart Functionality
701,Wix eCommerce
702,Cart Functionality
702,Oracle Commerce Cloud
706,Cart Functionality
706,Oracle Commerce Cloud
708,Cart Functionality
708,VTEX
709,Cart Functionality
711,VTEX
713,Cart Functionality
718,SAP Commerce Cloud
718,Cart Functionality
724,Cart Functionality
741,Cart Functionality
742,Cart Functionality
745,Cart Functionality
747,Magento
747,Cart Functionality
750,VTEX
750,Cart Functionality
752,Amazon Webstore
752,Cart Functionality
756,Cart Functionality
759,Cart Functionality
762,PrestaShop
777,Cart Functionality
777,VTEX
782,Cart Functionality
783,Cart Functionality
784,Cart Functionality
787,Cart Functionality
787,nopCommerce
789,Cart Functionality
791,Cart Functionality
791,Magento
791,VTEX
794,Cart Functionality
795,Cart Functionality
795,VTEX
796,Cart Functionality
799,Cart Functionality
801,Cart Functionality
804,Cart Functionality
805,Cart Functionality
806,Amazon Webstore
806,Cart Functionality
812,Cart Functionality
821,Cart Functionality
821,VTEX
823,Magento
828,Magento
829,Magento
833,Cart Functionality
835,Cart Functionality
850,Cart Functionality
851,Cart Functionality
854,Magento
855,Cart Functionality
857,Cart Functionality
864,Cart Functionality
867,Cart Functionality
868,Magento
870,Cart Functionality
872,Cart Functionality
873,Cart Functionality
877,Cart Functionality
879,Cart Functionality
879,Amazon Webstore
880,Cart Functionality
881,Cart Functionality
882,Wix eCommerce
884,Magento
885,Cart Functionality
890,Cart Functionality
892,Cart Functionality
897,Cart Functionality
898,Cart Functionality
902,Cart Functionality
902,VTEX
905,Cart Functionality
908,Cart Functionality
911,Cart Functionality
911,VTEX
913,Cart Functionality
914,Cart Functionality
916,Amazon Webstore
917,Cart Functionality
917,Salesforce Commerce Cloud
928,Cart Functionality
931,PrestaShop
933,Cart Functionality
940,Cart Functionality
940,Amazon Webstore
941,Cart Functionality
947,Cart Functionality
951,Cart Functionality
952,Magento
952,Cart Functionality
962,Cart Functionality
969,Cart Functionality
970,Cart Functionality
978,SAP Commerce Cloud
978,Cart Functionality
979,PrestaShop
979,Cart Functionality
981,Cart Functionality
982,Cart Functionality
987,Cart Functionality
987,VTEX
989,Cart Functionality
993,Cart Functionality
1012,Magento
1013,Cart Functionality
1013,Mercado Shops
1016,Amazon Webstore
1016,Magento
1017,PrestaShop
1020,SAP Commerce Cloud
1020,Cart Functionality
1020,Amazon Webstore
1038,Cart Functionality
1038,VTEX
1043,Cart Functionality
1047,Magento
1048,Magento
1056,Magento
1056,Cart Functionality
1058,Magento
1064,Cart Functionality
1073,Cart Functionality
1074,Cart Functionality
1074,WooCommerce
1075,Cart Functionality
1076,Cart Functionality
1076,VTEX
1077,PrestaShop
1078,WooCommerce
1085,Cart Functionality
1086,Magento
1088,Cart Functionality
1090,Magento
1093,Cart Functionality
