ID,IaaS
30,Google Cloud
71,Google Cloud
78,Google Cloud
99,Snowplow Analytics
111,Google Cloud
137,DigitalOcean Spaces
201,Google Cloud
208,Snowplow Analytics
230,Google Cloud
257,Google Cloud
269,Google Cloud
270,Google Cloud
312,Snowplow Analytics
314,Snowplow Analytics
324,Google Cloud
333,Google Cloud
405,Snowplow Analytics
473,Google Cloud
516,Google Cloud
530,Google Cloud
550,Snowplow Analytics
569,Snowplow Analytics
584,Snowplow Analytics
584,DigitalOcean Spaces
596,Google Cloud
621,Snowplow Analytics
632,Google Cloud
642,Google Cloud
651,Google Cloud
701,Google Cloud
710,Google Cloud
713,Google Cloud
729,Google Cloud
734,Snowplow Analytics
745,Google Cloud
746,Google Cloud
756,Google Cloud
781,Google Cloud
812,Snowplow Analytics
818,Google Cloud
819,Google Cloud
842,Google Cloud
849,Google Cloud
871,Snowplow Analytics
882,Google Cloud
890,Snowplow Analytics
912,Google Cloud
941,Google Cloud
956,Google Cloud
1014,Amazon ECS
1015,Google Cloud
1026,Google Cloud
1061,Google Cloud
1093,Snowplow Analytics
