ID,Live chat
1,WhatsApp Business Chat
11,WhatsApp Business Chat
27,WhatsApp Business Chat
30,WhatsApp Business Chat
34,WhatsApp Business Chat
50,WhatsApp Business Chat
51,WhatsApp Business Chat
54,Chaty
55,WhatsApp Business Chat
57,WhatsApp Business Chat
58,WhatsApp Business Chat
60,Zendesk
66,WhatsApp Business Chat
70,WhatsApp Business Chat
74,WhatsApp Business Chat
78,WhatsApp Business Chat
107,WhatsApp Business Chat
109,WhatsApp Business Chat
112,WhatsApp Business Chat
117,WhatsApp Business Chat
123,WhatsApp Business Chat
125,WhatsApp Business Chat
126,WhatsApp Business Chat
128,Zendesk
137,WhatsApp Business Chat
140,WhatsApp Business Chat
144,WhatsApp Business Chat
155,WhatsApp Business Chat
161,WhatsApp Business Chat
162,WhatsApp Business Chat
164,WhatsApp Business Chat
168,Zendesk
168,WhatsApp Business Chat
172,WhatsApp Business Chat
177,WhatsApp Business Chat
181,WhatsApp Business Chat
186,WhatsApp Business Chat
190,WhatsApp Business Chat
191,WhatsApp Business Chat
194,WhatsApp Business Chat
196,WhatsApp Business Chat
198,Zendesk
200,WhatsApp Business Chat
204,WhatsApp Business Chat
206,WhatsApp Business Chat
208,Olark
210,WhatsApp Business Chat
211,WhatsApp Business Chat
212,WhatsApp Business Chat
231,WhatsApp Business Chat
234,Zendesk
235,WhatsApp Business Chat
248,WhatsApp Business Chat
252,WhatsApp Business Chat
254,WhatsApp Business Chat
257,WhatsApp Business Chat
265,WhatsApp Business Chat
270,Zendesk
273,WhatsApp Business Chat
274,WhatsApp Business Chat
300,WhatsApp Business Chat
303,WhatsApp Business Chat
306,WhatsApp Business Chat
317,Leadster
319,WhatsApp Business Chat
332,WhatsApp Business Chat
335,WhatsApp Business Chat
336,WhatsApp Business Chat
341,WhatsApp Business Chat
348,Leadster
348,WhatsApp Business Chat
350,WhatsApp Business Chat
354,WhatsApp Business Chat
354,Zendesk
354,Landbot
356,WhatsApp Business Chat
358,WhatsApp Business Chat
362,WhatsApp Business Chat
365,Zendesk
367,Zendesk
372,WhatsApp Business Chat
373,WhatsApp Business Chat
374,WhatsApp Business Chat
385,WhatsApp Business Chat
390,WhatsApp Business Chat
393,WhatsApp Business Chat
396,JivoChat
397,WhatsApp Business Chat
397,Zendesk
398,WhatsApp Business Chat
399,WhatsApp Business Chat
400,HubSpot Chat
405,WhatsApp Business Chat
408,Zendesk
412,WhatsApp Business Chat
421,WhatsApp Business Chat
422,WhatsApp Business Chat
427,WhatsApp Business Chat
429,Zendesk Chat
434,WhatsApp Business Chat
436,WhatsApp Business Chat
440,WhatsApp Business Chat
449,WhatsApp Business Chat
450,WhatsApp Business Chat
454,HubSpot Chat
454,WhatsApp Business Chat
459,Leadster
463,WhatsApp Business Chat
469,WhatsApp Business Chat
471,WhatsApp Business Chat
476,WhatsApp Business Chat
477,WhatsApp Business Chat
479,Zendesk
488,WhatsApp Business Chat
489,WhatsApp Business Chat
495,WhatsApp Business Chat
499,WhatsApp Business Chat
500,WhatsApp Business Chat
501,WhatsApp Business Chat
502,HubSpot Chat
502,Zendesk
508,WhatsApp Business Chat
512,HubSpot Chat
512,Zendesk
513,WhatsApp Business Chat
513,Zendesk
513,Zendesk Sunshine Conversations
514,WhatsApp Business Chat
516,WhatsApp Business Chat
517,WhatsApp Business Chat
519,WhatsApp Business Chat
521,WhatsApp Business Chat
525,Zendesk
527,WhatsApp Business Chat
529,WhatsApp Business Chat
534,Zendesk
535,WhatsApp Business Chat
540,WhatsApp Business Chat
543,WhatsApp Business Chat
546,WhatsApp Business Chat
552,WhatsApp Business Chat
556,WhatsApp Business Chat
557,WhatsApp Business Chat
562,WhatsApp Business Chat
567,WhatsApp Business Chat
569,Facebook Chat Plugin
569,WhatsApp Business Chat
577,WhatsApp Business Chat
579,Leadster
582,WhatsApp Business Chat
584,WhatsApp Business Chat
585,Zendesk
588,WhatsApp Business Chat
591,WhatsApp Business Chat
593,WhatsApp Business Chat
595,WhatsApp Business Chat
595,Zendesk
596,WhatsApp Business Chat
597,WhatsApp Business Chat
601,WhatsApp Business Chat
602,WhatsApp Business Chat
603,WhatsApp Business Chat
605,WhatsApp Business Chat
612,WhatsApp Business Chat
614,WhatsApp Business Chat
617,Salesforce Service Cloud
617,WhatsApp Business Chat
619,HubSpot Chat
619,Zendesk
623,WhatsApp Business Chat
626,WhatsApp Business Chat
626,Zendesk
638,WhatsApp Business Chat
639,WhatsApp Business Chat
641,WhatsApp Business Chat
650,WhatsApp Business Chat
655,WhatsApp Business Chat
659,WhatsApp Business Chat
665,WhatsApp Business Chat
676,WhatsApp Business Chat
682,Zendesk
684,WhatsApp Business Chat
698,Tawk.to
700,WhatsApp Business Chat
704,WhatsApp Business Chat
708,WhatsApp Business Chat
709,WhatsApp Business Chat
711,Suiteshare
714,WhatsApp Business Chat
715,WhatsApp Business Chat
718,WhatsApp Business Chat
721,WhatsApp Business Chat
725,WhatsApp Business Chat
736,WhatsApp Business Chat
738,WhatsApp Business Chat
742,Zendesk
743,Leadster
745,WhatsApp Business Chat
746,WhatsApp Business Chat
747,WhatsApp Business Chat
750,WhatsApp Business Chat
756,WhatsApp Business Chat
770,WhatsApp Business Chat
772,Zendesk
774,Zendesk
776,Zendesk
776,WhatsApp Business Chat
780,WhatsApp Business Chat
782,WhatsApp Business Chat
795,Suiteshare
800,WhatsApp Business Chat
806,WhatsApp Business Chat
808,WhatsApp Business Chat
809,WhatsApp Business Chat
814,WhatsApp Business Chat
818,WhatsApp Business Chat
819,WhatsApp Business Chat
823,Zendesk Sunshine Conversations
823,Zendesk
828,WhatsApp Business Chat
830,WhatsApp Business Chat
833,WhatsApp Business Chat
843,WhatsApp Business Chat
844,Leadster
844,Salesforce Service Cloud
845,Suiteshare
849,WhatsApp Business Chat
850,WhatsApp Business Chat
864,WhatsApp Business Chat
867,WhatsApp Business Chat
868,Zendesk
868,Leadster
871,WhatsApp Business Chat
872,WhatsApp Business Chat
873,WhatsApp Business Chat
879,Zendesk Chat
879,Zendesk
879,Zendesk Sunshine Conversations
880,LiveChat
881,HubSpot Chat
884,Zendesk
885,WhatsApp Business Chat
886,WhatsApp Business Chat
886,JivoChat
890,WhatsApp Business Chat
894,Cognigy
896,Zendesk
898,WhatsApp Business Chat
906,yellow.ai
907,Zendesk
907,WhatsApp Business Chat
908,WhatsApp Business Chat
911,WhatsApp Business Chat
913,WhatsApp Business Chat
916,Zendesk
917,Droz Bot
917,WhatsApp Business Chat
929,WhatsApp Business Chat
937,WhatsApp Business Chat
941,WhatsApp Business Chat
945,WhatsApp Business Chat
946,WhatsApp Business Chat
947,WhatsApp Business Chat
951,LivePerson
951,WhatsApp Business Chat
962,WhatsApp Business Chat
963,WhatsApp Business Chat
965,WhatsApp Business Chat
969,LivePerson
970,Zendesk
973,WhatsApp Business Chat
974,Zendesk
977,WhatsApp Business Chat
979,WhatsApp Business Chat
981,WhatsApp Business Chat
982,WhatsApp Business Chat
987,WhatsApp Business Chat
988,WhatsApp Business Chat
1013,WhatsApp Business Chat
1014,WhatsApp Business Chat
1020,iAdvize
1020,WhatsApp Business Chat
1021,WhatsApp Business Chat
1021,Salesforce Service Cloud
1023,WhatsApp Business Chat
1024,WhatsApp Business Chat
1038,WhatsApp Business Chat
1043,WhatsApp Business Chat
1048,WhatsApp Business Chat
1049,WhatsApp Business Chat
1056,GetButton
1066,Tawk.to
1075,JivoChat
1075,WhatsApp Business Chat
1076,Zendesk
1076,Droz Bot
1080,WhatsApp Business Chat
1085,JivoChat
1091,WhatsApp Business Chat
1093,Zendesk Sunshine Conversations
1093,Zendesk
