ID,Miscellaneous
1,Open Graph
1,ServiceNow
2,RSS
3,RSS
6,RSS
7,Open Graph
9,Babel
9,Open Graph
11,Webpack
11,Module Federation
11,Open Graph
11,RSS
14,Webpack
14,Open Graph
14,PWA
15,DocuSign
15,Open Graph
15,RSS
16,History
16,Open Graph
16,PWA
17,Open Graph
18,Open Graph
18,Popper
19,Open Graph
19,HTTP/2
19,Webpack
19,Module Federation
21,HTTP/3
23,Open Graph
23,K2
23,RSS
24,HTTP/3
24,RSS
25,Open Graph
26,Open Graph
26,HTTP/3
28,PWA
30,Open Graph
30,Popper
30,HTTP/3
31,Open Graph
33,Open Graph
34,Open Graph
34,PWA
34,Webpack
35,Open Graph
35,RSS
36,RSS
37,RSS
38,Open Graph
38,PWA
39,RSS
40,Open Graph
40,Popper
40,PWA
42,Open Graph
42,RSS
43,Open Graph
44,Open Graph
44,RSS
44,HTTP/3
46,LottieFiles
46,RSS
46,Open Graph
47,PWA
48,Popper
48,RSS
49,Open Graph
50,Open Graph
50,HTTP/3
51,Popper
51,Open Graph
52,Popper
53,Open Graph
53,Popper
53,RSS
54,LottieFiles
54,Open Graph
54,RSS
55,Open Graph
55,Webpack
55,Module Federation
56,Open Graph
57,Open Graph
58,Webpack
58,Open Graph
58,PWA
58,Module Federation
58,Gravatar
58,RSS
58,Babel
59,Open Graph
59,HTTP/3
59,DocuSign
60,Open Graph
60,HTTP/3
61,Open Graph
61,HTTP/3
62,Popper
62,Open Graph
63,Open Graph
64,Open Graph
64,DocuSign
65,Open Graph
65,RSS
66,Open Graph
66,HTTP/3
66,RSS
66,PDF.js
67,Popper
67,Open Graph
67,Webpack
71,Open Graph
71,Popper
72,Open Graph
73,Open Graph
73,RSS
74,Open Graph
75,RSS
76,Babel
76,Open Graph
76,Popper
77,Open Graph
77,Popper
77,RSS
78,Webpack
78,HTTP/3
79,PWA
79,Open Graph
80,RSS
80,Open Graph
81,Open Graph
82,Open Graph
83,ServiceNow
83,Popper
84,Webpack
85,HTTP/3
85,Open Graph
87,Open Graph
88,RSS
88,Open Graph
89,Open Graph
90,Open Graph
91,RSS
91,Open Graph
93,Open Graph
94,Open Graph
94,HTTP/3
95,Open Graph
96,HTTP/3
96,Open Graph
97,Popper
97,RSS
97,Open Graph
99,Open Graph
99,ServiceNow
100,Open Graph
100,PWA
101,Open Graph
102,RSS
103,PWA
103,Open Graph
103,Babel
103,DocuSign
104,Open Graph
107,RSS
107,Open Graph
107,Popper
107,HTTP/3
108,RSS
108,Open Graph
109,Open Graph
110,PWA
110,Open Graph
110,Popper
110,Webpack
111,Open Graph
112,Open Graph
112,Popper
112,DocuSign
113,Open Graph
114,RSS
114,Open Graph
115,Popper
115,Open Graph
116,Open Graph
117,Open Graph
117,HTTP/3
117,Webpack
118,Open Graph
118,Babel
118,PWA
119,RSS
120,Open Graph
121,RSS
121,HTTP/3
122,Popper
122,RSS
122,Open Graph
123,Open Graph
123,RSS
124,PWA
124,Webpack
124,Open Graph
125,Livewire
125,Open Graph
125,PWA
126,RSS
126,Open Graph
128,RSS
129,PWA
130,Webpack
130,ServiceNow
130,Module Federation
132,Open Graph
133,Open Graph
133,PWA
134,HTTP/3
134,DocuSign
136,Open Graph
136,Gravatar
136,RSS
137,Popper
137,Gravatar
137,Open Graph
137,RSS
137,HTTP/3
138,Babel
138,Open Graph
138,DocuSign
139,Open Graph
139,Gravatar
139,RSS
140,Webpack
140,Open Graph
141,Webpack
141,PWA
142,Open Graph
142,HTTP/3
143,Open Graph
144,Open Graph
145,HTTP/3
148,Azure Edge Network
149,PyScript
149,Open Graph
150,Open Graph
150,RSS
151,HTTP/3
151,RSS
152,Open Graph
152,Popper
152,ServiceNow
152,HTTP/3
153,RSS
153,Open Graph
155,HTTP/3
155,Open Graph
155,RSS
156,RSS
156,Open Graph
156,Azure Edge Network
157,Open Graph
158,RSS
158,Open Graph
158,Popper
159,RSS
159,Open Graph
160,Open Graph
161,PWA
161,Popper
161,Open Graph
161,RSS
162,Permutive
162,PWA
162,Babel
162,Open Graph
163,Open Graph
163,HTTP/3
163,PWA
164,Open Graph
165,RSS
165,Open Graph
166,Open Graph
167,HTTP/3
168,Open Graph
169,Popper
169,Open Graph
169,RSS
170,RSS
170,Popper
170,HTTP/3
170,Open Graph
171,Open Graph
171,HTTP/3
172,Open Graph
173,Open Graph
173,HTTP/3
174,Open Graph
174,RSS
175,PWA
175,Open Graph
176,Open Graph
177,Open Graph
177,Webpack
177,PWA
178,Open Graph
179,Open Graph
181,Open Graph
181,Popper
181,PWA
183,Popper
183,RSS
184,Open Graph
184,PWA
185,RSS
185,HTTP/3
186,Open Graph
186,RSS
187,Open Graph
187,PWA
188,Webpack
190,Open Graph
190,PWA
191,Open Graph
191,PWA
191,Webpack
192,PWA
193,DocuSign
193,HTTP/3
193,Open Graph
193,Popper
194,Open Graph
195,Webpack
195,PWA
195,Open Graph
195,HTTP/2
196,Open Graph
197,HTTP/3
197,RSS
197,Open Graph
198,HTTP/3
198,Open Graph
200,Open Graph
200,Webpack
200,Module Federation
200,RSS
201,Open Graph
201,Popper
201,HTTP/3
202,Azure Edge Network
202,Webpack
203,Open Graph
204,HTTP/3
204,RSS
205,Open Graph
205,RSS
206,Open Graph
208,History
208,Open Graph
209,SWFObject
209,Popper
210,Open Graph
211,RSS
211,Open Graph
211,HTTP/3
212,Open Graph
212,Popper
212,PWA
212,RSS
214,RSS
215,Open Graph
216,Open Graph
216,Popper
217,Webpack
217,Popper
220,LottieFiles
220,Open Graph
220,RSS
221,ServiceNow
222,Open Graph
224,HTTP/3
224,RSS
225,RSS
225,Open Graph
226,HTTP/3
226,Open Graph
226,PWA
227,PWA
227,Open Graph
227,Livewire
228,DocuSign
228,Open Graph
229,HTTP/3
229,Open Graph
230,HTTP/3
233,Webpack
234,RSS
234,Open Graph
234,Webpack
234,Module Federation
235,Open Graph
237,RSS
237,HTTP/3
237,Open Graph
238,Open Graph
238,RSS
239,RSS
239,Open Graph
239,PWA
241,Open Graph
241,Popper
243,Livewire
244,ServiceNow
245,HTTP/3
245,Open Graph
246,DocuSign
246,Open Graph
246,RSS
246,HTTP/3
248,DocuSign
248,RSS
248,Open Graph
249,Popper
249,Open Graph
250,Open Graph
251,PWA
251,Livewire
251,Open Graph
252,Open Graph
252,Babel
252,Webpack
252,Module Federation
253,Popper
254,RSS
254,Open Graph
254,HTTP/3
255,parcel
255,Open Graph
255,RSS
255,SWC
256,Open Graph
257,ServiceNow
257,HTTP/3
257,Popper
257,Issuu
257,Open Graph
258,PDF.js
258,Open Graph
259,Open Graph
259,HTTP/3
260,Popper
261,PWA
261,Open Graph
261,Webpack
262,Webpack
262,Open Graph
263,Prism
263,PDF.js
263,Webpack
265,HTTP/3
265,LottieFiles
265,PWA
265,Open Graph
265,Webpack
266,PWA
266,RSS
266,Open Graph
267,RSS
267,DocuSign
267,Open Graph
267,Popper
267,HTTP/3
268,Popper
269,Open Graph
270,Google Cloud Storage
270,HTTP/3
270,SWC
270,parcel
270,Open Graph
270,Webpack
271,RSS
271,Babel
271,Open Graph
272,DocuSign
272,Open Graph
273,HTTP/3
274,Open Graph
277,Open Graph
280,Open Graph
281,Open Graph
282,Open Graph
285,PWA
286,Open Graph
287,Open Graph
287,Popper
288,Open Graph
289,Popper
290,Open Graph
291,Open Graph
292,HTTP/3
292,Open Graph
293,Open Graph
294,Open Graph
295,Open Graph
296,Open Graph
298,RSS
299,Open Graph
299,RSS
300,Open Graph
300,PWA
301,Popper
302,Open Graph
302,PWA
302,HTTP/3
303,Open Graph
304,Open Graph
305,RSS
306,Babel
306,Webpack
307,Open Graph
307,RSS
307,HTTP/3
308,Open Graph
308,RSS
309,RSS
310,RSS
310,Open Graph
311,Webpack
311,Open Graph
316,PWA
316,RSS
316,Open Graph
317,RSS
317,Open Graph
318,RSS
318,Open Graph
319,Open Graph
320,Open Graph
320,Popper
322,Open Graph
324,Popper
324,HTTP/3
324,Open Graph
324,RSS
325,HTTP/2
325,Open Graph
325,RSS
327,Open Graph
327,Popper
328,RSS
330,RSS
330,Popper
330,HTTP/3
330,Open Graph
331,HTTP/3
331,Open Graph
331,RSS
332,Open Graph
332,HTTP/3
333,PWA
334,RSS
334,Open Graph
337,HTTP/3
337,Open Graph
337,RSS
338,Open Graph
339,Open Graph
339,RSS
340,Livewire
340,Popper
340,Open Graph
341,Open Graph
343,Open Graph
343,Webpack
344,Open Graph
344,PWA
345,RSS
345,Open Graph
347,HTTP/3
347,Open Graph
348,Open Graph
348,PWA
349,RSS
349,DocuSign
349,Open Graph
350,HTTP/2
350,Open Graph
350,Gravatar
350,PWA
350,Webpack
351,Open Graph
351,HTTP/3
351,RSS
353,Open Graph
353,Webpack
354,HTTP/3
354,RSS
356,Webpack
357,PWA
358,Open Graph
358,Popper
359,Open Graph
360,Open Graph
360,HTTP/2
360,DocuSign
361,Open Graph
361,Webpack
362,Open Graph
364,Open Graph
364,HTTP/3
365,DocuSign
365,RSS
365,Open Graph
366,Open Graph
366,PWA
367,Open Graph
368,Open Graph
371,ServiceNow
372,Gravatar
372,Popper
372,Webpack
372,Open Graph
372,RSS
373,DocuSign
374,ServiceNow
374,Open Graph
374,HTTP/3
375,ServiceNow
375,HTTP/3
375,Open Graph
375,Webpack
377,PWA
377,Open Graph
379,Open Graph
380,RSS
380,Open Graph
380,Popper
381,Open Graph
382,Open Graph
383,Open Graph
385,Webpack
385,HTTP/3
385,Open Graph
386,PWA
386,Open Graph
386,DocuSign
387,Open Graph
388,PWA
388,RSS
388,Open Graph
389,PDF.js
389,Azure Edge Network
389,Popper
389,Open Graph
390,Open Graph
390,Webpack
391,Popper
391,Open Graph
393,PWA
393,Open Graph
394,HTTP/3
394,Webpack
395,Open Graph
396,Open Graph
398,HTTP/3
399,ServiceNow
399,Open Graph
399,PWA
400,Open Graph
400,RSS
400,HTTP/2
401,Open Graph
402,Babel
402,Open Graph
402,Webpack
403,DocuSign
403,Webpack
403,Popper
405,DocuSign
405,ServiceNow
405,Webpack
405,Module Federation
408,HTTP/3
410,Open Graph
410,RSS
412,Webpack
413,RSS
414,Babel
415,Babel
420,HTTP/3
420,Open Graph
421,RSS
421,Popper
421,Open Graph
422,Prism
422,RSS
422,Open Graph
423,Open Graph
423,ServiceNow
425,HTTP/2
425,DocuSign
425,Open Graph
425,PWA
425,PyScript
425,ServiceNow
426,Open Graph
426,DocuSign
427,Open Graph
427,DocuSign
428,Azure Edge Network
428,Webpack
429,Popper
429,RSS
429,DocuSign
429,Open Graph
431,DocuSign
432,Open Graph
432,HTTP/3
432,Babel
433,DocuSign
434,PWA
434,Popper
435,DocuSign
435,PyScript
435,Open Graph
435,ServiceNow
436,HTTP/3
436,RSS
436,Open Graph
437,Popper
437,Open Graph
437,RSS
437,DocuSign
438,Open Graph
439,Open Graph
439,PWA
439,Module Federation
439,Webpack
440,Module Federation
440,PWA
440,Gravatar
440,Webpack
440,Open Graph
441,Prism
442,Webpack
442,PWA
442,Open Graph
444,Open Graph
447,Open Graph
447,Webpack
447,HTTP/3
448,DocuSign
448,HTTP/3
448,Open Graph
449,Babel
449,SWC
449,PWA
449,Webpack
449,parcel
450,HTTP/3
450,Open Graph
450,RSS
451,Open Graph
451,Popper
452,Open Graph
453,Babel
453,Popper
454,Open Graph
454,Webpack
454,HTTP/3
455,Open Graph
455,RSS
455,PWA
456,Open Graph
457,HTTP/3
458,RSS
458,Open Graph
459,PWA
459,Open Graph
460,Webpack
460,Open Graph
461,Webpack
461,PWA
462,Open Graph
463,ServiceNow
463,Open Graph
463,Webpack
463,DocuSign
463,PWA
464,RSS
466,HTTP/2
468,Open Graph
469,Open Graph
469,Popper
470,RSS
471,PWA
471,Open Graph
471,DocuSign
472,Open Graph
472,Oracle Dynamic Monitoring Service
473,Popper
473,SWC
473,HTTP/3
473,Open Graph
473,parcel
474,Open Graph
474,RSS
475,PWA
476,Open Graph
476,Webpack
477,Issuu
477,Open Graph
478,PWA
479,Webpack
480,PWA
484,RSS
484,Open Graph
484,HTTP/3
485,Open Graph
485,Webpack
485,History
485,PWA
486,PWA
488,Open Graph
488,DocuSign
489,Open Graph
489,RSS
490,Open Graph
491,Webpack
491,Open Graph
491,PWA
492,Open Graph
493,Open Graph
494,Open Graph
494,DocuSign
495,Popper
495,ServiceNow
496,DocuSign
496,Popper
496,Open Graph
496,Webpack
497,Open Graph
497,PWA
498,Open Graph
499,Open Graph
499,RSS
500,Webpack
500,HTTP/2
500,Open Graph
501,Open Graph
501,RSS
502,Module Federation
502,RSS
502,Webpack
502,Open Graph
503,Open Graph
504,Open Graph
505,PWA
505,HTTP/2
506,Webpack
507,PWA
507,Webpack
507,Open Graph
508,Open Graph
508,PWA
510,PWA
510,HTTP/3
510,Babel
510,Webpack
511,Popper
512,Open Graph
512,HTTP/3
513,Open Graph
513,Popper
514,Open Graph
515,Open Graph
515,DocuSign
516,Open Graph
516,RSS
516,HTTP/3
517,Open Graph
517,Livewire
517,Webpack
518,Open Graph
518,RSS
519,PWA
519,SWFObject
519,Open Graph
520,RSS
520,Open Graph
522,PWA
523,Open Graph
523,RSS
525,Open Graph
525,DocuSign
526,Open Graph
527,Module Federation
527,Babel
527,Webpack
527,Open Graph
528,RSS
528,Open Graph
530,RSS
530,Open Graph
530,HTTP/3
531,Open Graph
532,Open Graph
533,RSS
533,Open Graph
534,Open Graph
534,History
535,HTTP/3
535,Open Graph
535,RSS
536,Open Graph
536,DocuSign
537,Open Graph
537,RSS
538,PWA
538,Babel
538,Webpack
538,Open Graph
539,Open Graph
539,Webpack
540,History
540,Open Graph
541,Open Graph
542,RSS
542,Open Graph
544,Open Graph
544,ServiceNow
546,Open Graph
546,PWA
548,Open Graph
549,Open Graph
549,Popper
550,PWA
550,Webpack
550,RSS
550,Open Graph
551,Webpack
551,Babel
551,Less
552,Babel
552,Open Graph
553,Open Graph
553,DocuSign
554,HTTP/3
555,Open Graph
555,HTTP/3
555,Webpack
555,Babel
556,SWFObject
556,Webpack
556,Open Graph
557,SWFObject
558,Open Graph
559,Open Graph
559,RSS
560,Popper
560,Open Graph
560,HTTP/2
561,RSS
561,HTTP/3
561,Open Graph
562,Popper
567,Popper
568,HTTP/3
568,DocuSign
568,Open Graph
569,Webpack
570,RSS
572,RSS
575,RSS
575,Open Graph
576,PWA
576,Popper
577,ServiceNow
577,PWA
577,Webpack
577,Open Graph
578,HTTP/2
578,Open Graph
578,Babel
579,Open Graph
580,Webpack
580,LottieFiles
580,HTTP/3
580,PWA
580,Open Graph
581,Open Graph
582,Babel
582,Oracle Dynamic Monitoring Service
584,RSS
584,HTTP/2
584,Webpack
584,Open Graph
584,Permutive
585,Open Graph
585,Webpack
585,PWA
586,History
586,Open Graph
587,History
587,Open Graph
588,Popper
588,Open Graph
589,Popper
589,Webpack
589,Open Graph
590,Open Graph
591,PWA
591,Open Graph
592,Webpack
593,Popper
593,RSS
593,Open Graph
594,HTTP/3
595,Open Graph
595,DocuSign
595,HTTP/3
596,Popper
596,Webpack
596,Module Federation
596,HTTP/3
596,Open Graph
598,Open Graph
599,Open Graph
600,Open Graph
600,Popper
601,Open Graph
601,PWA
601,Webpack
602,Open Graph
604,Open Graph
605,Open Graph
605,Popper
605,Babel
606,Open Graph
607,Open Graph
607,Popper
608,RSS
609,Open Graph
609,PWA
610,PWA
610,HTTP/3
610,Open Graph
610,Popper
611,RSS
613,Open Graph
613,ServiceNow
613,Webpack
614,Open Graph
614,Webpack
615,Open Graph
617,Popper
617,HTTP/3
617,RSS
618,Open Graph
618,PWA
619,PWA
619,Webpack
619,Babel
619,Open Graph
620,Babel
621,Open Graph
621,HTTP/3
621,HTTP/2
621,Permutive
622,RSS
622,Open Graph
622,Webpack
623,HTTP/3
623,Open Graph
623,Popper
624,Open Graph
625,HTTP/2
625,Webpack
625,Open Graph
626,Open Graph
626,Webpack
626,Module Federation
627,RSS
628,RSS
629,LottieFiles
629,Open Graph
630,PWA
630,Open Graph
631,DocuSign
631,Webpack
632,Open Graph
632,HTTP/3
632,RSS
633,RSS
633,Open Graph
635,PWA
635,Babel
635,HTTP/3
635,Open Graph
637,Webpack
637,Open Graph
638,PWA
638,ServiceNow
638,RSS
638,Open Graph
638,Popper
639,HTTP/3
639,Open Graph
641,Open Graph
642,Webpack
642,HTTP/3
642,LottieFiles
643,Webpack
643,Open Graph
645,History
645,Open Graph
646,Open Graph
647,Popper
648,Popper
648,PWA
649,Open Graph
649,HTTP/2
649,PWA
649,RSS
650,Open Graph
650,Babel
651,Open Graph
651,RSS
651,HTTP/3
652,Webpack
652,Open Graph
652,Popper
652,DocuSign
653,Popper
655,Open Graph
656,RSS
656,Open Graph
657,Open Graph
657,RSS
659,Popper
659,HTTP/2
659,PWA
659,Open Graph
661,Open Graph
662,Open Graph
663,Open Graph
664,RSS
664,Open Graph
664,DocuSign
665,Open Graph
665,Webpack
667,Webpack
667,Open Graph
667,PWA
668,Webpack
668,PWA
668,Open Graph
670,Webpack
670,Open Graph
672,PWA
672,HTTP/2
672,Popper
672,Open Graph
672,DocuSign
674,Open Graph
674,RSS
675,Webpack
676,Open Graph
677,Webpack
677,DocuSign
677,Open Graph
679,Popper
679,RSS
680,Webpack
681,Open Graph
682,Open Graph
683,Webpack
683,Open Graph
684,Open Graph
684,PWA
685,History
685,Open Graph
686,RSS
686,Webpack
686,Open Graph
688,Open Graph
689,Webpack
689,Oracle Dynamic Monitoring Service
690,Azure Edge Network
690,Open Graph
690,Webpack
691,Open Graph
692,Open Graph
693,Webpack
693,Open Graph
694,Open Graph
695,Open Graph
695,HTTP/3
697,HTTP/3
697,Open Graph
697,RSS
698,RSS
698,Open Graph
701,HTTP/3
701,Open Graph
702,Webpack
702,Oracle Dynamic Monitoring Service
704,RSS
704,HTTP/2
704,Open Graph
705,Open Graph
705,RSS
707,HTTP/2
707,RSS
708,History
708,Open Graph
709,Oracle Dynamic Monitoring Service
709,Webpack
709,PWA
709,Open Graph
710,PWA
710,Popper
710,Open Graph
710,HTTP/3
711,Open Graph
711,History
713,Webpack
713,Open Graph
714,Popper
714,Open Graph
715,Open Graph
715,Popper
717,Open Graph
717,DocuSign
717,Popper
718,HTTP/2
719,Open Graph
719,HTTP/3
720,Open Graph
720,PWA
720,Webpack
721,Webpack
721,Open Graph
722,Webpack
723,Open Graph
723,RSS
724,Open Graph
724,HTTP/3
724,Webpack
724,PWA
725,Open Graph
725,DocuSign
725,RSS
726,Babel
726,ServiceNow
726,HTTP/2
726,Open Graph
726,DocuSign
727,Open Graph
727,PWA
728,Open Graph
728,RSS
729,HTTP/3
729,Open Graph
731,RSS
734,RSS
736,Open Graph
736,Azure Edge Network
736,Webpack
738,Open Graph
739,Open Graph
739,Webpack
740,Open Graph
740,Webpack
741,Babel
741,Webpack
741,Open Graph
742,DocuSign
742,Open Graph
742,RSS
743,Open Graph
744,Webpack
745,PWA
745,Webpack
745,Babel
745,HTTP/3
746,HTTP/3
747,PWA
747,Open Graph
747,HTTP/3
748,Open Graph
748,DocuSign
748,RSS
749,DocuSign
749,PWA
749,Open Graph
749,ServiceNow
749,HTTP/3
750,Open Graph
750,History
751,Webpack
751,DocuSign
751,Open Graph
752,Open Graph
752,Webpack
753,RSS
755,PWA
755,Open Graph
756,Open Graph
756,HTTP/3
757,Open Graph
758,DocuSign
758,Open Graph
759,Gravatar
759,Open Graph
759,RSS
760,Open Graph
760,Popper
762,Open Graph
762,Popper
763,DocuSign
764,Webpack
765,PWA
765,DocuSign
765,Open Graph
765,Babel
765,Webpack
767,Popper
767,Open Graph
768,Webpack
768,PWA
768,Open Graph
769,PWA
769,Webpack
769,Open Graph
770,RSS
771,Open Graph
772,PWA
772,DocuSign
772,Open Graph
773,Webpack
773,Open Graph
774,Open Graph
774,DocuSign
774,HTTP/3
775,Open Graph
775,PWA
775,Babel
776,Open Graph
776,RSS
777,parcel
777,History
777,SWC
777,Open Graph
777,PWA
778,PWA
778,Open Graph
779,PWA
779,Open Graph
780,HTTP/3
780,RSS
780,Open Graph
781,Open Graph
781,HTTP/3
782,Webpack
782,Open Graph
784,PDF.js
784,HTTP/3
784,PWA
784,Open Graph
785,Open Graph
786,Popper
787,Open Graph
787,HTTP/3
788,Open Graph
789,Popper
789,PWA
789,Open Graph
790,HTTP/3
791,Open Graph
791,Webpack
792,Open Graph
793,PWA
793,Open Graph
793,Popper
794,Open Graph
794,RSS
794,PWA
794,Babel
794,Webpack
794,HTTP/3
794,LottieFiles
795,History
795,Open Graph
795,HTTP/2
796,Webpack
796,DocuSign
796,Open Graph
797,HTTP/3
797,Webpack
799,Open Graph
800,Open Graph
801,Webpack
801,Open Graph
802,Open Graph
802,RSS
802,DocuSign
803,Open Graph
804,PWA
805,Open Graph
806,LottieFiles
806,PWA
806,Webpack
806,DocuSign
806,Open Graph
807,Open Graph
808,RSS
808,HTTP/3
808,Webpack
808,Open Graph
809,Open Graph
811,RSS
811,HTTP/3
811,Open Graph
812,Open Graph
813,RSS
814,Open Graph
814,Popper
815,Popper
816,ServiceNow
816,Open Graph
816,Webpack
817,Open Graph
817,ServiceNow
817,Webpack
818,RSS
818,HTTP/3
818,Popper
818,Open Graph
819,Open Graph
819,RSS
819,HTTP/3
819,Popper
820,Open Graph
820,RSS
821,History
821,PWA
821,Open Graph
822,Open Graph
823,Webpack
823,Open Graph
824,Webpack
825,DocuSign
825,Open Graph
826,Open Graph
828,Webpack
828,Open Graph
828,PWA
829,Webpack
829,Open Graph
830,HTTP/3
830,Open Graph
832,HTTP/2
832,Open Graph
832,PWA
833,Open Graph
834,DocuSign
834,Open Graph
835,PWA
835,Open Graph
835,Webpack
836,PWA
836,Open Graph
836,PDF.js
837,Open Graph
838,Open Graph
838,Issuu
838,RSS
839,Open Graph
839,Webpack
839,PWA
840,Open Graph
840,PWA
841,Open Graph
841,Livewire
841,Webpack
842,RSS
842,Open Graph
842,HTTP/3
843,Open Graph
844,PWA
844,Webpack
844,Open Graph
845,PWA
845,Open Graph
846,RSS
847,HTTP/3
847,Popper
848,Open Graph
849,Open Graph
849,Google Cloud Storage
849,HTTP/3
850,DocuSign
850,Open Graph
851,Popper
851,Open Graph
853,HTTP/3
854,Popper
856,PWA
856,Open Graph
857,Webpack
857,Popper
857,DocuSign
857,PWA
857,Open Graph
858,Open Graph
858,RSS
859,Open Graph
859,PWA
861,Open Graph
861,Issuu
863,Popper
863,Open Graph
863,PWA
863,HTTP/3
863,RSS
864,Open Graph
864,Popper
864,RSS
865,HTTP/3
865,Open Graph
865,Popper
867,Open Graph
867,PDF.js
867,Webpack
867,Prism
868,Webpack
868,Open Graph
868,Module Federation
869,Open Graph
870,Open Graph
871,Webpack
871,RSS
871,Open Graph
872,Prism
872,LottieFiles
872,Webpack
872,Open Graph
872,Popper
872,PWA
873,Open Graph
874,DocuSign
874,Open Graph
877,Webpack
877,Open Graph
878,Open Graph
878,DocuSign
878,PDF.js
879,Babel
879,PWA
879,Webpack
879,Open Graph
880,Open Graph
880,PWA
882,HTTP/3
882,Open Graph
883,Open Graph
884,Open Graph
885,Babel
885,Open Graph
886,Open Graph
888,Open Graph
889,DocuSign
889,RSS
889,Open Graph
889,Popper
890,Webpack
890,HTTP/3
890,Open Graph
892,Open Graph
892,HTTP/3
893,HTTP/3
893,LottieFiles
893,Open Graph
894,PWA
894,Open Graph
894,SheerID
894,DocuSign
894,SWC
894,Babel
894,parcel
896,Open Graph
896,DocuSign
896,HTTP/2
897,HTTP/2
897,Open Graph
897,Webpack
898,Popper
899,Open Graph
899,Popper
899,RSS
900,Popper
900,Open Graph
901,DocuSign
901,Popper
901,Open Graph
901,LottieFiles
902,History
902,SWFObject
902,Open Graph
902,PWA
903,Open Graph
904,PWA
904,Webpack
905,Open Graph
905,Popper
905,RSS
906,Popper
906,Open Graph
906,PyScript
906,HTTP/2
908,Open Graph
908,Webpack
909,PWA
910,RSS
910,Open Graph
910,HTTP/3
911,History
911,Open Graph
912,Webpack
912,HTTP/3
912,PWA
913,Acquia Content Hub
913,Babel
914,PWA
914,Open Graph
915,Azure Edge Network
915,PWA
915,Open Graph
915,DocuSign
915,Webpack
915,Popper
916,DocuSign
916,Open Graph
916,RSS
917,Open Graph
928,DocuSign
928,Popper
928,Open Graph
928,RSS
928,HTTP/3
929,Open Graph
929,DocuSign
931,Open Graph
933,DocuSign
933,ServiceNow
933,Open Graph
933,PWA
933,HTTP/3
933,Azure Edge Network
934,HTTP/3
935,Open Graph
935,HTTP/3
936,DocuSign
936,Open Graph
937,Open Graph
937,RSS
938,Open Graph
940,DocuSign
941,Popper
941,PWA
941,Open Graph
945,Open Graph
945,Babel
945,DocuSign
946,HTTP/3
947,Open Graph
948,HTTP/3
948,Babel
949,Open Graph
950,Open Graph
950,Webpack
951,Open Graph
951,HTTP/2
951,Babel
951,PWA
951,Webpack
951,Permutive
952,Open Graph
953,Webpack
953,Open Graph
954,DocuSign
956,Open Graph
956,HTTP/3
956,DocuSign
956,Popper
957,DocuSign
957,Prism
957,Open Graph
959,Open Graph
962,Webpack
962,Open Graph
962,PWA
963,Open Graph
963,Webpack
965,RSS
965,Popper
965,Open Graph
969,LottieFiles
969,ServiceNow
970,Webpack
970,Popper
970,Module Federation
971,Open Graph
971,HTTP/3
972,Open Graph
973,Open Graph
973,RSS
974,Webpack
977,Azure Edge Network
977,PWA
977,ServiceNow
978,RSS
978,PWA
978,Open Graph
979,PWA
979,Babel
979,Open Graph
979,Webpack
980,RSS
981,Webpack
981,Open Graph
982,Webpack
982,Open Graph
983,RSS
983,Open Graph
984,Webpack
985,Babel
985,ServiceNow
985,Open Graph
986,PWA
987,History
987,PWA
987,Open Graph
988,Open Graph
988,Webpack
989,Open Graph
990,Open Graph
990,RSS
991,PWA
992,RSS
992,ResponsiveVoice
992,Babel
992,Open Graph
993,Open Graph
1005,PWA
1005,Webpack
1005,Open Graph
1005,HTTP/3
1005,Popper
1006,Open Graph
1006,PWA
1007,DocuSign
1007,Open Graph
1008,Open Graph
1008,HTTP/3
1008,PWA
1009,Webpack
1010,Webpack
1010,Open Graph
1011,HTTP/3
1011,Open Graph
1012,DocuSign
1012,Open Graph
1012,RSS
1012,HTTP/2
1013,parcel
1013,SWC
1013,Popper
1013,HTTP/3
1013,PDF.js
1013,Open Graph
1014,ServiceNow
1014,HTTP/3
1014,Open Graph
1014,PWA
1014,Webpack
1015,HTTP/3
1015,RSS
1015,Open Graph
1016,LottieFiles
1016,Open Graph
1016,Webpack
1017,Open Graph
1018,Open Graph
1019,Webpack
1019,Open Graph
1019,HTTP/2
1020,Open Graph
1020,ServiceNow
1020,HTTP/2
1020,Webpack
1021,ServiceNow
1021,Open Graph
1021,HTTP/3
1022,DocuSign
1022,Open Graph
1022,Popper
1022,HTTP/3
1023,RSS
1023,Babel
1023,Open Graph
1024,Open Graph
1024,Popper
1027,Open Graph
1028,Open Graph
1028,RSS
1028,HTTP/3
1029,Open Graph
1029,RSS
1029,Popper
1032,HTTP/3
1032,Popper
1032,Babel
1033,Open Graph
1033,Popper
1034,Open Graph
1035,PWA
1035,Popper
1035,DocuSign
1036,PWA
1036,Open Graph
1036,Babel
1037,RSS
1037,Open Graph
1038,History
1038,Open Graph
1040,Open Graph
1040,RSS
1041,Open Graph
1041,DocuSign
1042,Open Graph
1043,Babel
1043,Webpack
1043,Open Graph
1043,HTTP/2
1044,HTTP/3
1044,Open Graph
1045,Open Graph
1045,Webpack
1046,RSS
1046,HTTP/3
1046,DocuSign
1047,Webpack
1047,DocuSign
1047,Open Graph
1047,PWA
1048,Webpack
1048,Open Graph
1050,Open Graph
1050,RSS
1051,Open Graph
1052,Open Graph
1053,HTTP/3
1053,Azure Edge Network
1053,Open Graph
1053,DocuSign
1054,Open Graph
1055,Open Graph
1056,Babel
1056,ServiceNow
1058,PWA
1058,Open Graph
1058,Popper
1059,Open Graph
1059,DocuSign
1060,Open Graph
1061,HTTP/3
1061,RSS
1061,Open Graph
1062,Open Graph
1062,DocuSign
1063,Open Graph
1064,DocuSign
1064,PWA
1064,Open Graph
1064,Webpack
1064,HTTP/3
1065,Open Graph
1066,Open Graph
1067,Open Graph
1067,DocuSign
1069,LottieFiles
1069,RSS
1069,Open Graph
1070,Open Graph
1071,PWA
1071,Open Graph
1072,Popper
1072,Open Graph
1073,Open Graph
1074,Open Graph
1074,RSS
1075,HTTP/2
1075,Open Graph
1075,PWA
1075,Webpack
1076,Open Graph
1076,History
1077,Open Graph
1078,RSS
1078,Open Graph
1079,Open Graph
1079,RSS
1080,DocuSign
1081,Open Graph
1081,RSS
1081,HTTP/3
1082,Open Graph
1082,RSS
1083,Open Graph
1084,Open Graph
1084,HTTP/3
1087,RSS
1087,Babel
1088,Open Graph
1088,Popper
1089,RSS
1090,ServiceNow
1090,Popper
1090,Open Graph
1091,Webpack
1091,Open Graph
1093,ServiceNow
1093,Open Graph
1093,PWA
1093,Webpack
1094,Open Graph
1094,RSS
