ID,PaaS
4,Acquia Cloud Platform
4,Amazon Web Services
7,Amazon Web Services
14,Amazon Web Services
16,Azure
18,Amazon Web Services
25,Amazon Web Services
34,Amazon Web Services
38,Azure
48,Amazon Web Services
49,Amazon Web Services
52,Amazon Web Services
56,Azure
57,Amazon Web Services
58,Amazon Web Services
59,Amazon Web Services
59,Acquia Cloud Platform
60,Amazon Web Services
61,Amazon Web Services
66,Amazon Web Services
77,Amazon Web Services
86,Amazon Web Services
89,Amazon Web Services
90,Amazon Web Services
94,Acquia Cloud Platform
94,Amazon Web Services
103,Azure
120,Azure
121,Azure
122,Azure
124,Amazon Web Services
126,Amazon Web Services
141,Amazon Web Services
142,Azure
149,Amazon Web Services
150,Azure
153,Amazon Web Services
153,Azure
155,Amazon Web Services
156,Kinsta
158,Azure
163,Amazon Web Services
166,Amazon Web Services
168,Amazon Web Services
169,Amazon Web Services
172,Amazon Web Services
173,Acquia Cloud Platform
173,Amazon Web Services
175,Amazon Web Services
176,Amazon Web Services
176,Azure
177,Amazon Web Services
178,Amazon Web Services
179,Amazon Web Services
181,Azure
186,Azure
189,Amazon Web Services
190,Amazon Web Services
191,Amazon Web Services
195,Amazon Web Services
198,Azure
208,Azure
208,Amazon Web Services
209,Amazon Web Services
210,Amazon Web Services
212,Amazon Web Services
216,Azure
222,Amazon Web Services
223,Amazon Web Services
226,Amazon Web Services
228,Amazon Web Services
230,Amazon Web Services
232,Amazon Web Services
233,Amazon Web Services
234,Amazon Web Services
240,Amazon Web Services
245,Azure
246,Amazon Web Services
248,Amazon Web Services
252,Amazon Web Services
253,Amazon Web Services
257,Amazon Web Services
263,Amazon Web Services
264,Azure
265,Amazon Web Services
266,Azure
271,Pantheon
272,Amazon Web Services
275,Azure
276,Amazon Web Services
277,Amazon Web Services
280,Amazon Web Services
281,Amazon Web Services
282,Amazon Web Services
290,Amazon Web Services
291,Amazon Web Services
292,Amazon Web Services
293,Amazon Web Services
295,Amazon Web Services
296,Amazon Web Services
300,Azure
303,Amazon Web Services
308,Azure
311,Amazon Web Services
316,Azure
318,Amazon Web Services
326,Amazon Web Services
327,Azure
330,WP Engine
332,Amazon Web Services
336,Amazon Web Services
341,Amazon Web Services
343,Amazon Web Services
344,Azure
346,Amazon Web Services
347,Azure
348,Azure
350,Amazon Web Services
352,Azure
353,Amazon Web Services
354,Azure
357,Azure
359,Azure
359,Amazon Web Services
364,Azure
365,Amazon Web Services
368,Amazon Web Services
371,Amazon Web Services
373,Amazon Web Services
374,Amazon Web Services
375,Amazon Web Services
380,Azure
381,Acquia Cloud Platform
381,Amazon Web Services
388,Amazon Web Services
391,Amazon Web Services
395,Amazon Web Services
398,Amazon Web Services
399,Amazon Web Services
403,Amazon Web Services
404,Amazon Web Services
407,Amazon Web Services
408,Azure
409,Amazon Web Services
410,Amazon Web Services
411,Amazon Web Services
420,Amazon Web Services
421,Amazon Web Services
421,Acquia Cloud Platform
427,Azure
428,Azure
433,Amazon Web Services
433,Azure
435,Amazon Web Services
437,Amazon Web Services
439,Amazon Web Services
440,Amazon Web Services
442,Amazon Web Services
450,SiteGround
450,Amazon Web Services
451,Azure
452,Azure
452,Amazon Web Services
454,Amazon Web Services
455,Azure
456,Azure
458,Amazon Web Services
459,Amazon Web Services
460,Azure
467,Amazon Web Services
468,Amazon Web Services
470,Amazon Web Services
471,Amazon Web Services
472,Amazon Web Services
478,Amazon Web Services
479,Amazon Web Services
479,Azure
480,Azure
482,Azure
485,Amazon Web Services
492,Azure
492,Amazon Web Services
493,Azure
493,Amazon Web Services
494,Azure
497,Azure
498,Azure
501,Azure
503,Amazon Web Services
507,Amazon Web Services
507,Azure
512,Amazon Web Services
513,Amazon Web Services
513,Azure
515,Azure
515,Amazon Web Services
518,Amazon Web Services
523,Amazon Web Services
526,Azure
526,Amazon Web Services
527,Amazon Web Services
527,Acquia Cloud Platform
528,WP Engine
534,Amazon Web Services
536,Amazon Web Services
538,Amazon Web Services
539,Pantheon
540,Amazon Web Services
547,Amazon Web Services
548,Amazon Web Services
550,Amazon Web Services
556,Amazon Web Services
557,Amazon Web Services
558,Amazon Web Services
567,Azure
568,Amazon Web Services
568,Acquia Cloud Platform
569,Amazon Web Services
570,Azure
575,Amazon Web Services
576,Amazon Web Services
577,Amazon Web Services
579,Amazon Web Services
580,Amazon Web Services
584,Amazon Web Services
585,Amazon Web Services
585,Azure
586,Amazon Web Services
587,Amazon Web Services
590,Heroku
590,Amazon Web Services
592,Azure
595,Azure
596,Amazon Web Services
600,Amazon Web Services
601,Amazon Web Services
604,Amazon Web Services
606,Amazon Web Services
608,Azure
617,Amazon Web Services
620,Azure
625,Amazon Web Services
626,Platform.sh
626,Amazon Web Services
627,Amazon Web Services
628,Amazon Web Services
630,Amazon Web Services
631,Azure
632,WordPress.com
635,Amazon Web Services
637,Netlify
639,Amazon Web Services
640,Amazon Web Services
643,Azure
645,Amazon Web Services
646,Amazon Web Services
647,Amazon Web Services
649,Azure
650,Amazon Web Services
655,Amazon Web Services
659,Amazon Web Services
661,Amazon Web Services
662,Amazon Web Services
663,Azure
664,Azure
664,Amazon Web Services
665,Amazon Web Services
667,Amazon Web Services
668,Amazon Web Services
670,Amazon Web Services
671,Amazon Web Services
672,Amazon Web Services
674,Amazon Web Services
675,Azure
675,Amazon Web Services
679,Amazon Web Services
679,Azure
680,Amazon Web Services
682,Amazon Web Services
683,Amazon Web Services
683,Railway
684,Amazon Web Services
685,Amazon Web Services
686,Amazon Web Services
688,Azure
690,Amazon Web Services
690,Azure
693,Amazon Web Services
693,Azure
695,Amazon Web Services
699,Amazon Web Services
703,Amazon Web Services
704,Amazon Web Services
705,Azure
708,Amazon Web Services
711,Amazon Web Services
713,Amazon Web Services
714,Amazon Web Services
715,Amazon Web Services
717,Azure
718,Amazon Web Services
720,Amazon Web Services
724,Amazon Web Services
725,Amazon Web Services
726,Amazon Web Services
727,Amazon Web Services
731,Azure
732,Amazon Web Services
733,Amazon Web Services
734,Azure
736,Amazon Web Services
738,Amazon Web Services
738,Azure
739,Vercel
739,Amazon Web Services
740,Amazon Web Services
741,Amazon Web Services
742,Amazon Web Services
743,Azure
744,Vercel
749,Azure
750,Amazon Web Services
752,Amazon Web Services
753,Azure
757,Azure
758,Azure
762,Amazon Web Services
765,Azure
765,Amazon Web Services
766,Amazon Web Services
767,Azure
767,WordPress.com
768,Amazon Web Services
769,Amazon Web Services
774,Amazon Web Services
775,Azure
776,Azure
777,Amazon Web Services
785,Amazon Web Services
788,Amazon Web Services
789,Azure
789,Amazon Web Services
791,Amazon Web Services
792,Azure
794,Amazon Web Services
796,Amazon Web Services
797,Amazon Web Services
801,Amazon Web Services
802,Amazon Web Services
806,Amazon Web Services
807,Amazon Web Services
808,Atlassian Statuspage
818,Amazon Web Services
819,Amazon Web Services
820,Azure
821,Amazon Web Services
823,Amazon Web Services
823,Azure
824,Amazon Web Services
825,Azure
829,Amazon Web Services
829,Acquia Cloud Platform
831,Azure
832,Amazon Web Services
833,Azure
834,Azure
835,Amazon Web Services
839,Amazon Web Services
842,WordPress.com
842,Azure
848,Amazon Web Services
850,Amazon Web Services
851,Amazon Web Services
856,Amazon Web Services
861,Azure
862,Amazon Web Services
864,Amazon Web Services
866,Amazon Web Services
867,Amazon Web Services
868,Amazon Web Services
877,Amazon Web Services
878,Azure
879,Amazon Web Services
880,Amazon Web Services
880,Acquia Cloud Platform
883,Amazon Web Services
884,Azure
885,Amazon Web Services
887,Amazon Web Services
889,Azure
890,Amazon Web Services
896,Azure
897,Azure
898,Azure
899,Amazon Web Services
900,Amazon Web Services
901,Azure
901,Amazon Web Services
904,Amazon Web Services
906,Azure
908,Amazon Web Services
911,Amazon Web Services
913,Amazon Web Services
913,Acquia Cloud Platform
915,Azure
916,WP Engine
917,Amazon Web Services
928,Amazon Web Services
930,Amazon Web Services
936,Azure
937,Azure
940,Amazon Web Services
940,Azure
945,Amazon Web Services
945,Acquia Cloud Platform
950,Vercel
951,Amazon Web Services
953,Amazon Web Services
955,Azure
956,Amazon Web Services
957,Azure
959,Acquia Cloud Platform
959,Amazon Web Services
962,Azure
962,Amazon Web Services
963,Vercel
965,Azure
970,Azure
973,Azure
974,Amazon Web Services
974,Azure
977,Amazon Web Services
979,Amazon Web Services
981,Azure
981,Amazon Web Services
982,Azure
982,Amazon Web Services
984,Azure
985,Azure
986,Amazon Web Services
987,Amazon Web Services
988,Netlify
988,Amazon Web Services
989,Amazon Web Services
991,Azure
1006,Azure
1010,Azure
1010,Amazon Web Services
1011,Amazon Web Services
1013,Amazon Web Services
1014,Amazon Web Services
1014,Azure
1016,Amazon Web Services
1017,Amazon Web Services
1018,Azure
1019,Acquia Cloud Platform
1019,Amazon Web Services
1021,Amazon Web Services
1021,Acquia Cloud Platform
1022,Azure
1024,Amazon Web Services
1024,Acquia Cloud Platform
1029,Amazon Web Services
1032,Amazon Web Services
1033,Amazon Web Services
1034,Amazon Web Services
1035,Azure
1038,Amazon Web Services
1041,Azure
1043,Amazon Web Services
1044,Amazon Web Services
1045,Amazon Web Services
1046,WP Engine
1047,Amazon Web Services
1048,Amazon Web Services
1050,Amazon Web Services
1051,Amazon Web Services
1051,Azure
1052,Azure
1053,Amazon Web Services
1055,Amazon Web Services
1056,Amazon Web Services
1056,Platform.sh
1056,Azure
1058,Azure
1062,Azure
1064,Amazon Web Services
1066,Azure
1067,Azure
1068,Amazon Web Services
1073,Amazon Web Services
1076,Azure
1076,Amazon Web Services
1079,Amazon Web Services
1085,Amazon Web Services
1086,Azure
1090,Acquia Cloud Platform
1090,Amazon Web Services
1091,Vercel
1092,Amazon Web Services
1093,Amazon Web Services
1094,Amazon Web Services
