ID,Programming languages
2,PHP
3,PHP
4,PHP
6,PHP
9,Java
11,Java
11,PHP
13,PHP
17,PHP
20,PHP
21,PHP
22,PHP
23,PHP
24,PHP
25,PHP
26,PHP
27,PHP
30,Java
31,Ruby
32,Java
32,TypeScript
35,PHP
36,PHP
37,PHP
38,PHP
39,PHP
40,PHP
42,PHP
43,PHP
44,PHP
46,PHP
48,PHP
50,PHP
51,PHP
51,Node.js
52,PHP
53,PHP
54,PHP
55,PHP
56,PHP
57,PHP
58,PHP
59,PHP
60,TypeScript
60,PHP
61,PHP
62,PHP
63,Java
64,PHP
65,PHP
66,PHP
71,Java
72,PHP
73,PHP
75,PHP
76,PHP
77,PHP
78,TypeScript
79,PHP
80,PHP
81,PHP
82,PHP
83,Java
84,Java
84,TypeScript
86,PHP
87,PHP
88,PHP
91,PHP
93,PHP
94,PHP
95,PHP
96,PHP
97,PHP
98,PHP
100,PHP
101,PHP
102,PHP
104,PHP
105,Python
106,PHP
107,PHP
108,PHP
109,PHP
112,PHP
113,PHP
114,PHP
115,TypeScript
118,Java
119,PHP
120,PHP
121,PHP
122,PHP
123,PHP
124,TypeScript
124,PHP
125,PHP
126,PHP
128,PHP
129,Java
130,TypeScript
132,PHP
133,PHP
134,Java
136,PHP
137,PHP
139,PHP
140,PHP
141,TypeScript
142,PHP
143,PHP
145,PHP
149,Python
150,PHP
151,PHP
153,PHP
155,PHP
156,PHP
157,PHP
158,PHP
159,PHP
160,PHP
161,PHP
163,Ruby
164,PHP
165,PHP
166,PHP
167,TypeScript
168,Node.js
169,PHP
170,PHP
171,PHP
172,PHP
173,PHP
174,PHP
176,PHP
179,TypeScript
180,Java
183,PHP
184,PHP
185,PHP
186,PHP
187,PHP
188,TypeScript
188,Java
188,Node.js
190,PHP
193,PHP
194,Erlang
195,TypeScript
196,Node.js
197,PHP
198,PHP
200,PHP
201,Java
202,TypeScript
203,PHP
204,PHP
205,PHP
210,PHP
212,PHP
212,Node.js
213,TypeScript
214,PHP
215,PHP
216,PHP
217,PHP
220,PHP
222,TypeScript
222,Java
222,PHP
224,PHP
225,PHP
227,PHP
231,TypeScript
233,TypeScript
233,Adobe Flash
234,PHP
234,TypeScript
235,PHP
236,PHP
237,Python
237,Java
238,PHP
239,PHP
240,PHP
241,PHP
243,PHP
244,Node.js
246,PHP
248,PHP
250,PHP
251,PHP
252,Java
254,PHP
255,PHP
257,Java
258,PHP
259,PHP
260,PHP
261,TypeScript
261,GraphQL
262,Java
263,TypeScript
266,PHP
267,PHP
269,PHP
270,Node.js
271,PHP
273,PHP
274,PHP
275,PHP
277,PHP
280,PHP
281,PHP
282,PHP
283,PHP
286,PHP
288,PHP
290,PHP
291,PHP
292,PHP
293,PHP
294,PHP
295,PHP
296,PHP
298,PHP
299,PHP
300,TypeScript
301,Java
303,PHP
304,PHP
305,PHP
306,TypeScript
306,Java
307,PHP
308,PHP
309,PHP
310,PHP
316,PHP
317,PHP
318,PHP
319,PHP
320,PHP
322,PHP
324,Java
324,PHP
325,PHP
328,PHP
330,GraphQL
330,PHP
331,PHP
332,PHP
333,PHP
334,PHP
335,PHP
336,PHP
337,PHP
338,TypeScript
339,PHP
340,PHP
341,PHP
344,Java
345,PHP
348,TypeScript
349,PHP
350,Node.js
350,PHP
353,PHP
354,PHP
355,PHP
356,Java
357,TypeScript
358,PHP
360,Node.js
361,PHP
361,Java
362,PHP
364,PHP
365,PHP
368,PHP
369,PHP
370,Java
371,Java
372,PHP
373,Java
374,Java
375,TypeScript
375,Java
377,PHP
378,PHP
379,PHP
380,PHP
381,PHP
382,PHP
383,PHP
384,PHP
385,Java
387,Python
388,PHP
391,PHP
392,PHP
393,CFML
393,PHP
394,Java
394,TypeScript
395,PHP
396,PHP
397,PHP
399,Java
399,PHP
400,PHP
401,Java
402,Node.js
405,Java
410,PHP
412,PHP
413,PHP
420,TypeScript
421,PHP
422,PHP
422,TypeScript
423,Java
425,Python
425,Java
427,PHP
428,Node.js
429,PHP
431,Python
434,Java
435,Python
435,Java
436,PHP
437,PHP
441,PHP
442,Java
445,Java
447,Java
450,PHP
453,PHP
455,PHP
457,PHP
458,PHP
459,TypeScript
461,Node.js
463,Java
463,TypeScript
464,PHP
466,PHP
467,PHP
468,PHP
469,PHP
470,PHP
471,TypeScript
472,Java
473,Java
474,PHP
475,PHP
477,Node.js
478,PHP
480,PHP
481,PHP
487,PHP
488,PHP
489,PHP
492,PHP
493,PHP
494,PHP
495,Java
496,Java
497,TypeScript
497,Node.js
498,PHP
499,PHP
500,PHP
500,Node.js
501,PHP
502,PHP
503,PHP
508,PHP
510,GraphQL
514,PHP
515,PHP
517,PHP
518,PHP
519,PHP
520,PHP
521,TypeScript
521,Java
523,TypeScript
523,PHP
525,PHP
526,PHP
527,PHP
528,PHP
532,PHP
533,PHP
535,PHP
536,PHP
537,PHP
538,GraphQL
539,PHP
542,PHP
543,TypeScript
546,Node.js
546,PHP
548,PHP
549,PHP
550,PHP
552,PHP
553,TypeScript
554,TypeScript
555,PHP
558,PHP
559,PHP
559,Node.js
560,PHP
561,PHP
568,PHP
570,PHP
571,PHP
572,PHP
575,PHP
576,PHP
577,TypeScript
577,Java
579,PHP
579,Java
580,Ruby
581,PHP
582,Java
583,PHP
585,PHP
586,GraphQL
587,GraphQL
589,TypeScript
590,TypeScript
590,Erlang
593,PHP
594,PHP
595,Node.js
596,Python
598,Python
599,PHP
600,Java
600,PHP
601,PHP
602,PHP
604,PHP
605,PHP
606,PHP
607,PHP
608,PHP
609,PHP
611,PHP
612,PHP
615,PHP
617,PHP
619,Node.js
622,PHP
623,Java
624,PHP
626,PHP
627,PHP
628,PHP
632,PHP
633,PHP
635,PHP
638,PHP
639,PHP
646,PHP
647,Java
648,PHP
650,PHP
652,PHP
653,PHP
655,Erlang
656,PHP
657,PHP
661,PHP
662,PHP
664,PHP
665,TypeScript
670,PHP
672,PHP
674,Java
674,PHP
675,TypeScript
676,PHP
678,PHP
681,PHP
682,PHP
686,Node.js
686,PHP
688,PHP
689,Node.js
689,Java
689,PHP
692,PHP
693,Java
694,PHP
696,PHP
697,PHP
698,PHP
702,Java
704,PHP
705,PHP
706,Java
707,PHP
709,Java
712,PHP
714,PHP
715,PHP
718,Java
720,GraphQL
720,Node.js
721,Node.js
722,TypeScript
722,Java
723,PHP
724,Node.js
725,PHP
726,Java
727,PHP
728,PHP
730,PHP
731,PHP
732,Java
733,Java
734,PHP
736,Java
738,Erlang
739,Node.js
741,PHP
742,PHP
743,PHP
745,TypeScript
745,PHP
746,TypeScript
747,PHP
748,PHP
749,Java
751,Python
752,Java
753,PHP
755,PHP
756,Java
758,PHP
759,PHP
760,PHP
762,PHP
763,PHP
764,Node.js
766,Node.js
767,PHP
768,PHP
769,PHP
770,PHP
771,PHP
776,PHP
778,PHP
779,PHP
780,PHP
782,Node.js
783,PHP
785,PHP
786,PHP
788,PHP
791,PHP
792,PHP
793,PHP
794,Java
794,PHP
799,PHP
800,PHP
802,PHP
803,PHP
805,PHP
806,Java
806,PHP
806,TypeScript
807,PHP
808,PHP
809,Java
811,PHP
812,PHP
813,PHP
814,Java
816,Java
817,Java
818,PHP
818,Node.js
819,PHP
819,Node.js
820,PHP
822,Node.js
822,TypeScript
823,PHP
826,PHP
827,PHP
828,PHP
828,Node.js
828,TypeScript
829,PHP
830,PHP
832,GraphQL
833,PHP
834,PHP
836,TypeScript
837,PHP
838,PHP
840,PHP
841,PHP
842,PHP
844,Node.js
845,PHP
846,PHP
848,PHP
849,GraphQL
849,TypeScript
850,Java
851,PHP
854,PHP
854,TypeScript
855,PHP
857,Java
857,TypeScript
858,PHP
863,PHP
864,PHP
865,PHP
866,TypeScript
867,TypeScript
868,PHP
870,Python
872,TypeScript
872,Java
873,PHP
874,PHP
877,PHP
877,Ruby
879,Java
880,PHP
880,Java
881,Node.js
883,PHP
884,PHP
888,PHP
889,PHP
890,Node.js
892,PHP
894,Java
897,TypeScript
898,Java
899,PHP
900,PHP
903,PHP
905,PHP
906,Python
907,PHP
909,PHP
910,PHP
913,Node.js
913,PHP
914,PHP
915,PHP
916,PHP
927,PHP
928,PHP
929,Node.js
929,TypeScript
930,PHP
931,PHP
933,Java
934,Python
935,PHP
936,PHP
937,PHP
938,PHP
940,Node.js
940,TypeScript
941,Java
945,PHP
947,Java
948,Java
949,TypeScript
952,PHP
953,TypeScript
954,PHP
955,PHP
956,Java
959,PHP
965,PHP
969,Java
970,PHP
970,Node.js
972,Java
973,PHP
977,Java
978,PHP
978,Java
979,PHP
980,PHP
983,PHP
983,TypeScript
988,GraphQL
989,TypeScript
989,Node.js
990,PHP
991,PHP
992,PHP
993,TypeScript
993,Java
994,Java
1005,PHP
1007,PHP
1008,Java
1009,Java
1011,PHP
1012,PHP
1014,Java
1015,PHP
1016,PHP
1016,Java
1017,PHP
1018,PHP
1018,Java
1019,PHP
1020,Java
1020,Node.js
1021,PHP
1022,PHP
1023,PHP
1024,PHP
1026,PHP
1027,Java
1028,PHP
1029,PHP
1030,PHP
1031,PHP
1032,Java
1033,PHP
1036,PHP
1037,PHP
1039,PHP
1040,PHP
1042,PHP
1043,Node.js
1043,Java
1044,TypeScript
1045,Java
1046,PHP
1047,PHP
1048,PHP
1049,Java
1050,PHP
1051,PHP
1052,PHP
1054,PHP
1055,PHP
1056,PHP
1058,PHP
1060,PHP
1061,PHP
1065,PHP
1067,PHP
1069,PHP
1070,PHP
1070,Node.js
1072,PHP
1074,PHP
1076,TypeScript
1077,PHP
1078,PHP
1079,PHP
1081,PHP
1082,PHP
1084,PHP
1085,TypeScript
1086,PHP
1087,PHP
1088,Java
1089,PHP
1090,PHP
1093,Java
1093,PHP
1093,TypeScript
1094,PHP
