ID,Reverse proxies
9,Nginx
12,Nginx
13,Nginx
16,Envoy
23,Nginx
25,Nginx
31,Nginx
38,Nginx
48,Nginx
51,Nginx
55,Nginx
56,Nginx
57,Nginx
58,Nginx
59,Nginx
62,Nginx
65,Nginx
72,Nginx
78,Nginx
79,Nginx
86,Nginx
87,Nginx
98,Nginx
105,Nginx
106,Nginx
107,Nginx
110,Nginx
111,Envoy
122,Nginx
124,Envoy
128,Nginx
138,Nginx
142,Nginx
149,Nginx
153,Nginx
155,Nginx
158,Nginx
159,Nginx
163,Nginx
177,Envoy
180,Nginx
184,Nginx
186,Nginx
187,Nginx
195,Envoy
196,Nginx
212,Nginx
215,Nginx
216,Nginx
222,Nginx
223,Nginx
227,Nginx
234,Envoy
235,Nginx
238,Nginx
241,Nginx
242,Nginx
244,Envoy
245,Nginx
246,Nginx
250,Nginx
251,Nginx
252,Envoy
258,Nginx
270,Envoy
271,Nginx
275,Nginx
299,Nginx
303,Nginx
308,Nginx
309,Nginx
317,Nginx
322,Nginx
333,Envoy
341,Nginx
350,Nginx
353,Nginx
361,Nginx
362,Nginx
363,Nginx
388,Nginx
391,Nginx
396,Nginx
402,Nginx
403,Nginx
421,Nginx
431,Nginx
450,Nginx
453,Nginx
455,Nginx
458,Nginx
470,Nginx
476,Envoy
489,Nginx
491,Envoy
501,Nginx
505,Envoy
517,Nginx
519,Nginx
528,Nginx
530,Envoy
539,Nginx
541,Nginx
542,Nginx
543,Nginx
546,Nginx
549,Nginx
550,Nginx
568,Nginx
569,Envoy
570,Nginx
576,Nginx
583,Nginx
584,Nginx
585,Nginx
585,Envoy
596,Nginx
598,Nginx
602,Nginx
603,Nginx
617,Nginx
632,Envoy
648,Nginx
651,Envoy
658,Nginx
670,Nginx
678,Nginx
681,Nginx
683,Nginx
684,Nginx
686,Nginx
690,Envoy
696,Nginx
709,Envoy
718,Nginx
724,Nginx
736,Nginx
743,Nginx
753,Nginx
757,Nginx
763,Nginx
766,Nginx
773,Nginx
781,Envoy
788,Nginx
791,Envoy
796,Nginx
801,Nginx
802,Nginx
805,Nginx
813,Nginx
818,Nginx
819,Nginx
820,Nginx
822,Nginx
823,Nginx
824,Nginx
832,Nginx
840,Nginx
842,Envoy
845,Nginx
846,Nginx
847,Nginx
865,Nginx
871,Nginx
881,Nginx
882,Envoy
894,Envoy
898,Nginx
899,Nginx
902,Envoy
903,Nginx
907,Nginx
913,Nginx
914,Nginx
915,Nginx
916,Nginx
928,Nginx
936,Nginx
937,Nginx
951,Nginx
952,Envoy
959,Nginx
962,Envoy
974,Nginx
979,Nginx
980,Nginx
1013,Envoy
1016,Envoy
1019,Nginx
1033,Nginx
1035,Nginx
1036,Nginx
1037,Nginx
1040,Nginx
1043,Nginx
1048,Nginx
1050,Nginx
1058,Nginx
1060,Nginx
1061,Nginx
1069,Envoy
1078,Nginx
1093,Nginx
1094,Nginx
