ID,Security
1,HSTS
4,Akamai Bot Manager
8,HSTS
9,HSTS
11,reCAPTCHA
11,HSTS
12,HSTS
15,reCAPTCHA
16,Konduto
16,reCAPTCHA
18,HSTS
18,reCAPTCHA
19,reCAPTCHA
19,Cloudflare Turnstile
19,HSTS
25,HSTS
27,hCaptcha
28,Akamai Bot Manager
28,HSTS
30,HSTS
32,Akamai Bot Manager
32,HSTS
32,reCAPTCHA
33,Akamai Bot Manager
33,HSTS
33,reCAPTCHA
34,reCAPTCHA
37,reCAPTCHA
42,HSTS
44,Cloudflare Bot Management
44,HSTS
44,reCAPTCHA
46,reCAPTCHA
47,HSTS
47,Cloudflare Bot Management
49,reCAPTCHA
49,Cloudflare Bot Management
50,reCAPTCHA
50,HSTS
51,reCAPTCHA
51,HSTS
54,reCAPTCHA
54,HSTS
55,HSTS
56,reCAPTCHA
57,HSTS
58,HSTS
59,reCAPTCHA
59,HSTS
62,reCAPTCHA
62,HSTS
63,HSTS
64,HSTS
67,HSTS
67,Akamai Bot Manager
71,HSTS
74,Securiti
74,HSTS
77,HSTS
80,reCAPTCHA
81,reCAPTCHA
83,HSTS
84,HSTS
85,HSTS
85,Cloudflare Bot Management
86,HSTS
88,reCAPTCHA
88,Cloudflare Bot Management
88,HSTS
89,reCAPTCHA
89,HSTS
90,Cloudflare Bot Management
90,reCAPTCHA
90,HSTS
93,HSTS
94,HSTS
99,HSTS
104,reCAPTCHA
106,reCAPTCHA
106,Imperva
106,HSTS
107,reCAPTCHA
107,HSTS
109,reCAPTCHA
110,HSTS
110,reCAPTCHA
111,reCAPTCHA
113,HSTS
114,HSTS
115,Akamai Bot Manager
115,HSTS
116,HSTS
116,reCAPTCHA
118,HSTS
119,reCAPTCHA
120,Cloudflare Bot Management
120,HSTS
121,Cloudflare Bot Management
121,HSTS
122,HSTS
122,Sucuri
122,reCAPTCHA
124,HSTS
124,Cloudflare Bot Management
128,reCAPTCHA
130,HSTS
131,HSTS
133,HSTS
133,reCAPTCHA
136,reCAPTCHA
137,HSTS
138,reCAPTCHA
138,HSTS
141,reCAPTCHA
141,HSTS
141,Akamai Bot Manager
142,HSTS
142,Sucuri
142,reCAPTCHA
144,HSTS
145,HSTS
146,reCAPTCHA
146,Imperva
147,reCAPTCHA
147,Imperva
148,Imperva
148,reCAPTCHA
149,HSTS
149,Imperva
149,reCAPTCHA
152,HSTS
152,Akamai Bot Manager
153,HSTS
155,HSTS
155,reCAPTCHA
156,HSTS
156,Securiti
158,reCAPTCHA
160,HSTS
161,reCAPTCHA
162,HSTS
162,reCAPTCHA
163,HSTS
164,hCaptcha
165,HSTS
167,HSTS
170,reCAPTCHA
170,HSTS
170,Securiti
172,HSTS
173,HSTS
175,reCAPTCHA
177,HSTS
178,HSTS
179,HSTS
180,HSTS
180,reCAPTCHA
181,HSTS
183,HSTS
183,reCAPTCHA
183,Securiti
184,HSTS
184,reCAPTCHA
186,HSTS
187,HSTS
188,reCAPTCHA
188,HSTS
190,Securiti
190,HSTS
190,Imperva
195,reCAPTCHA
195,Akamai Bot Manager
195,HSTS
196,reCAPTCHA
196,Securiti
198,HSTS
198,reCAPTCHA
198,Cloudflare Bot Management
201,HSTS
202,HSTS
202,reCAPTCHA
203,HSTS
203,reCAPTCHA
205,reCAPTCHA
205,HSTS
206,HSTS
208,reCAPTCHA
208,HSTS
210,HSTS
211,HSTS
212,reCAPTCHA
212,HSTS
213,reCAPTCHA
213,HSTS
215,reCAPTCHA
215,Imperva
215,HSTS
216,HSTS
217,reCAPTCHA
220,HSTS
221,Akamai Bot Manager
222,Imperva
222,reCAPTCHA
222,HSTS
223,HSTS
223,reCAPTCHA
226,reCAPTCHA
226,HSTS
227,HSTS
228,HSTS
228,reCAPTCHA
229,HSTS
230,reCAPTCHA
230,HSTS
231,reCAPTCHA
232,reCAPTCHA
233,reCAPTCHA
233,ThreatMetrix
233,Imperva
234,HSTS
234,Securiti
234,reCAPTCHA
235,reCAPTCHA
236,HSTS
239,HSTS
240,HSTS
243,Cloudflare Turnstile
244,HSTS
244,reCAPTCHA
245,HSTS
245,reCAPTCHA
246,Sucuri
248,HSTS
249,Akamai Bot Manager
249,HSTS
249,reCAPTCHA
250,HSTS
250,reCAPTCHA
250,Imperva
251,HSTS
252,HSTS
252,Cloudflare Bot Management
253,Basic
255,HSTS
255,reCAPTCHA
257,HSTS
259,HSTS
259,reCAPTCHA
260,HSTS
261,HSTS
261,Imperva
262,reCAPTCHA
262,Cloudflare Bot Management
263,reCAPTCHA
264,reCAPTCHA
265,reCAPTCHA
265,HSTS
269,reCAPTCHA
269,HSTS
270,HSTS
271,HSTS
272,HSTS
275,HSTS
277,reCAPTCHA
280,reCAPTCHA
281,reCAPTCHA
282,reCAPTCHA
282,HSTS
285,Cloudflare Bot Management
285,HSTS
286,reCAPTCHA
288,HSTS
288,reCAPTCHA
289,Imperva
290,HSTS
290,reCAPTCHA
291,reCAPTCHA
292,reCAPTCHA
292,HSTS
293,reCAPTCHA
294,reCAPTCHA
295,reCAPTCHA
295,HSTS
295,Akamai Bot Manager
296,reCAPTCHA
299,HSTS
300,HSTS
301,reCAPTCHA
301,HSTS
302,HSTS
303,reCAPTCHA
306,HSTS
306,reCAPTCHA
306,Cloudflare Bot Management
308,reCAPTCHA
310,reCAPTCHA
311,Akamai Bot Manager
311,HSTS
312,Akamai Bot Manager
312,reCAPTCHA
312,HSTS
314,Akamai Bot Manager
314,reCAPTCHA
314,HSTS
315,HSTS
315,Akamai Bot Manager
316,Cloudflare Bot Management
316,HSTS
316,Securiti
317,HSTS
319,Akamai Bot Manager
319,reCAPTCHA
319,Securiti
319,HSTS
320,hCaptcha
320,HSTS
322,reCAPTCHA
324,Imperva
324,HSTS
330,HSTS
330,Cloudflare Bot Management
331,reCAPTCHA
332,Cloudflare Bot Management
333,HSTS
333,reCAPTCHA
336,HSTS
336,Cloudflare Bot Management
338,reCAPTCHA
339,reCAPTCHA
341,HSTS
343,HSTS
344,HSTS
346,HSTS
346,reCAPTCHA
347,HSTS
347,Imperva
347,reCAPTCHA
348,Cloudflare Bot Management
348,HSTS
348,Securiti
349,reCAPTCHA
349,HSTS
350,HSTS
350,reCAPTCHA
351,HSTS
352,HSTS
354,HSTS
354,reCAPTCHA
355,HSTS
355,reCAPTCHA
356,Cloudflare Bot Management
356,reCAPTCHA
356,Cloudflare Turnstile
356,HSTS
358,HSTS
359,HSTS
359,reCAPTCHA
360,HSTS
360,Akamai Bot Manager
361,HSTS
361,reCAPTCHA
362,HSTS
364,Imperva
364,HSTS
367,HSTS
368,reCAPTCHA
370,HSTS
371,Imperva
371,HSTS
372,HSTS
372,reCAPTCHA
373,reCAPTCHA
374,HSTS
375,Cloudflare Bot Management
375,HSTS
376,reCAPTCHA
376,HSTS
377,reCAPTCHA
379,reCAPTCHA
380,reCAPTCHA
381,Imperva
381,HSTS
383,Imperva
383,HSTS
385,HSTS
385,reCAPTCHA
385,Cloudflare Bot Management
386,HSTS
387,HSTS
387,reCAPTCHA
388,HSTS
388,Imperva
389,HSTS
390,Cloudflare Bot Management
390,Securiti
390,HSTS
393,HSTS
393,reCAPTCHA
393,Securiti
393,Imperva
394,HSTS
394,Cloudflare Bot Management
395,reCAPTCHA
396,reCAPTCHA
397,HSTS
397,Akamai Bot Manager
398,HSTS
398,reCAPTCHA
399,reCAPTCHA
399,HSTS
400,HSTS
401,HSTS
402,reCAPTCHA
402,HSTS
403,Securiti
403,HSTS
404,HSTS
405,HSTS
405,reCAPTCHA
405,Akamai Bot Manager
407,reCAPTCHA
407,HSTS
408,HSTS
409,HSTS
410,reCAPTCHA
412,HSTS
416,HSTS
417,HSTS
417,Securiti
418,HSTS
419,HSTS
420,HSTS
420,Friendly Captcha
421,HSTS
421,Akamai Bot Manager
422,Cloudflare Bot Management
422,HSTS
423,HSTS
424,HSTS
425,HSTS
425,reCAPTCHA
426,HSTS
428,HSTS
429,reCAPTCHA
430,HSTS
432,Cloudflare Turnstile
434,HSTS
435,Akamai Bot Manager
435,reCAPTCHA
435,HSTS
437,HSTS
437,reCAPTCHA
438,reCAPTCHA
438,HSTS
439,HSTS
439,reCAPTCHA
440,Akamai Bot Manager
440,reCAPTCHA
440,HSTS
442,Akamai Bot Manager
442,Akamai Web Application Protector
442,HSTS
443,HSTS
443,Imperva
444,HSTS
446,Akamai Bot Manager
446,Akamai Web Application Protector
447,HSTS
447,Akamai Bot Manager
448,Akamai Bot Manager
448,HSTS
449,Akamai Bot Manager
449,reCAPTCHA
449,HSTS
451,reCAPTCHA
451,HSTS
452,reCAPTCHA
452,HSTS
453,reCAPTCHA
453,HSTS
454,HSTS
455,HSTS
455,Imperva
455,reCAPTCHA
457,HSTS
457,Cloudflare Bot Management
458,HSTS
459,reCAPTCHA
459,HSTS
459,Akamai Bot Manager
460,HSTS
461,Akamai Bot Manager
461,HSTS
462,HSTS
463,HSTS
463,Akamai Bot Manager
463,reCAPTCHA
464,HSTS
464,reCAPTCHA
466,HSTS
471,HSTS
471,reCAPTCHA
472,HSTS
473,Securiti
473,Cloudflare Bot Management
473,HSTS
476,HSTS
476,Akamai Bot Manager
477,Securiti
482,HSTS
483,HSTS
484,HSTS
485,HSTS
485,reCAPTCHA
486,HSTS
489,HSTS
490,HSTS
490,reCAPTCHA
491,HSTS
491,Akamai Bot Manager
492,HSTS
492,reCAPTCHA
493,HSTS
493,reCAPTCHA
494,HSTS
495,reCAPTCHA
495,HSTS
496,reCAPTCHA
496,HSTS
496,Akamai Web Application Protector
497,HSTS
497,reCAPTCHA
499,reCAPTCHA
500,HSTS
500,Akamai Bot Manager
501,HSTS
503,reCAPTCHA
504,reCAPTCHA
505,reCAPTCHA
505,HSTS
507,HSTS
510,Riskified
510,HSTS
512,HSTS
512,Cloudflare Bot Management
513,HSTS
513,Akamai Bot Manager
514,hCaptcha
514,reCAPTCHA
515,reCAPTCHA
516,HSTS
518,HSTS
519,HSTS
519,reCAPTCHA
520,Cloudflare Bot Management
520,HSTS
521,HSTS
522,HSTS
523,reCAPTCHA
525,HSTS
526,reCAPTCHA
527,HSTS
527,Cloudflare Bot Management
528,HSTS
530,HSTS
531,Cloudflare Bot Management
533,HSTS
535,HSTS
535,Akamai Bot Manager
536,reCAPTCHA
536,HSTS
537,reCAPTCHA
537,HSTS
538,Imperva
538,HSTS
538,reCAPTCHA
539,HSTS
540,reCAPTCHA
540,HSTS
541,HSTS
542,HSTS
543,reCAPTCHA
544,Akamai Bot Manager
546,HSTS
547,Imperva
548,reCAPTCHA
549,reCAPTCHA
550,reCAPTCHA
550,HSTS
551,HSTS
552,HSTS
553,HSTS
554,HSTS
554,Cloudflare Bot Management
554,reCAPTCHA
555,HSTS
555,reCAPTCHA
556,HSTS
556,reCAPTCHA
557,reCAPTCHA
557,HSTS
558,reCAPTCHA
558,HSTS
559,reCAPTCHA
559,HSTS
560,reCAPTCHA
561,HSTS
561,reCAPTCHA
562,HSTS
567,reCAPTCHA
567,HSTS
568,reCAPTCHA
568,HSTS
569,HSTS
570,HSTS
570,reCAPTCHA
571,HSTS
572,HSTS
574,reCAPTCHA
575,HSTS
575,Imperva
576,Sucuri
577,Imperva
578,HSTS
578,Akamai Bot Manager
578,reCAPTCHA
579,HSTS
579,Securiti
580,Cloudflare Bot Management
580,HSTS
580,reCAPTCHA
581,HSTS
582,Akamai Bot Manager
582,HSTS
582,reCAPTCHA
583,HSTS
584,reCAPTCHA
585,Imperva
585,HSTS
586,HSTS
587,HSTS
588,reCAPTCHA
589,HSTS
590,HSTS
591,reCAPTCHA
591,HSTS
595,HSTS
596,Signifyd
596,reCAPTCHA
596,HSTS
598,HSTS
598,reCAPTCHA
599,Securiti
599,reCAPTCHA
600,HSTS
601,HSTS
602,HSTS
604,reCAPTCHA
606,reCAPTCHA
607,reCAPTCHA
608,HSTS
609,HSTS
610,HSTS
613,reCAPTCHA
613,HSTS
617,reCAPTCHA
617,HSTS
618,HSTS
619,Akamai Bot Manager
620,HSTS
621,reCAPTCHA
623,HSTS
625,Akamai Bot Manager
625,HSTS
626,HSTS
626,reCAPTCHA
627,reCAPTCHA
629,HSTS
630,reCAPTCHA
631,reCAPTCHA
631,HSTS
632,HSTS
634,HSTS
635,HSTS
636,HSTS
636,Akamai Bot Manager
637,HSTS
639,HSTS
639,Cloudflare Bot Management
640,HSTS
641,HSTS
641,Akamai Bot Manager
641,reCAPTCHA
642,reCAPTCHA
642,HSTS
643,HSTS
645,reCAPTCHA
645,HSTS
646,reCAPTCHA
647,HSTS
647,Akamai Bot Manager
648,HSTS
649,HSTS
650,Imperva
650,HSTS
651,HSTS
652,HSTS
653,reCAPTCHA
655,reCAPTCHA
656,reCAPTCHA
657,Wordfence
657,HSTS
658,reCAPTCHA
658,HSTS
659,Imperva
659,reCAPTCHA
661,HSTS
661,reCAPTCHA
662,reCAPTCHA
663,reCAPTCHA
663,HSTS
664,reCAPTCHA
664,HSTS
665,HSTS
665,Akamai Bot Manager
666,HSTS
672,HSTS
672,reCAPTCHA
673,reCAPTCHA
673,HSTS
673,Imperva
674,reCAPTCHA
675,reCAPTCHA
675,HSTS
677,Cloudflare Bot Management
679,HSTS
680,HSTS
681,HSTS
681,reCAPTCHA
682,HSTS
682,Sucuri
683,reCAPTCHA
683,ThreatMetrix
683,HSTS
684,Akamai Bot Manager
684,HSTS
685,reCAPTCHA
685,Konduto
686,reCAPTCHA
689,Akamai Web Application Protector
689,HSTS
689,Akamai Bot Manager
689,reCAPTCHA
691,HSTS
691,reCAPTCHA
693,HSTS
693,reCAPTCHA
694,Securiti
694,HSTS
695,Cloudflare Turnstile
695,HSTS
696,reCAPTCHA
699,HSTS
700,HSTS
701,HSTS
702,HSTS
702,reCAPTCHA
702,Akamai Bot Manager
703,HSTS
703,Akamai Bot Manager
704,HSTS
704,Konduto
704,reCAPTCHA
705,HSTS
706,Akamai Bot Manager
706,reCAPTCHA
706,HSTS
708,reCAPTCHA
709,HSTS
709,reCAPTCHA
711,reCAPTCHA
713,HSTS
714,HSTS
715,reCAPTCHA
715,HSTS
717,NTLM
717,HSTS
718,HSTS
719,HSTS
721,reCAPTCHA
721,HSTS
722,HSTS
723,HSTS
724,reCAPTCHA
724,HSTS
725,HSTS
725,reCAPTCHA
726,Akamai Bot Manager
726,HSTS
729,HSTS
730,reCAPTCHA
732,HSTS
733,HSTS
734,HSTS
735,HSTS
735,reCAPTCHA
736,HSTS
736,Imperva
738,reCAPTCHA
739,HSTS
740,HSTS
741,Konduto
742,HSTS
742,Akamai Bot Manager
744,HSTS
745,Cloudflare Bot Management
745,reCAPTCHA
745,HSTS
745,ThreatMetrix
746,reCAPTCHA
746,HSTS
746,Cloudflare Bot Management
747,reCAPTCHA
747,HSTS
748,HSTS
749,reCAPTCHA
749,HSTS
749,Securiti
750,reCAPTCHA
750,HSTS
752,Akamai Bot Manager
752,HSTS
756,Akamai Bot Manager
756,HSTS
758,HSTS
759,iThemes Security
759,reCAPTCHA
760,reCAPTCHA
761,Cloudflare Bot Management
762,reCAPTCHA
763,HSTS
764,HSTS
765,HSTS
766,reCAPTCHA
767,reCAPTCHA
767,HSTS
768,HSTS
768,Cloudflare Bot Management
768,reCAPTCHA
769,reCAPTCHA
769,HSTS
769,Cloudflare Bot Management
770,reCAPTCHA
771,reCAPTCHA
772,Cloudflare Bot Management
774,HSTS
775,HSTS
776,reCAPTCHA
777,reCAPTCHA
777,HSTS
781,HSTS
782,Cloudflare Bot Management
782,HSTS
784,reCAPTCHA
785,reCAPTCHA
788,HSTS
789,HSTS
790,HSTS
791,reCAPTCHA
792,reCAPTCHA
794,HSTS
795,reCAPTCHA
795,HSTS
796,HSTS
796,reCAPTCHA
797,HSTS
799,reCAPTCHA
800,Imperva
800,HSTS
800,reCAPTCHA
800,Securiti
801,reCAPTCHA
801,HSTS
801,Securiti
802,HSTS
803,HSTS
804,reCAPTCHA
804,HSTS
804,Imperva
804,Securiti
805,HSTS
806,HSTS
806,Imperva
806,reCAPTCHA
806,Securiti
807,reCAPTCHA
808,HSTS
808,Cloudflare Bot Management
808,reCAPTCHA
809,HSTS
812,Imperva
812,HSTS
813,Sucuri
814,HSTS
814,Akamai Bot Manager
815,HSTS
816,HSTS
817,HSTS
818,HSTS
818,reCAPTCHA
819,HSTS
819,reCAPTCHA
820,HSTS
821,reCAPTCHA
822,HSTS
822,Akamai Bot Manager
823,HSTS
823,reCAPTCHA
824,HSTS
825,reCAPTCHA
828,HSTS
828,Cloudflare Bot Management
828,reCAPTCHA
829,HSTS
829,Akamai Bot Manager
830,HSTS
832,HSTS
833,HSTS
833,reCAPTCHA
835,reCAPTCHA
835,HSTS
835,Securiti
835,Akamai Bot Manager
836,reCAPTCHA
836,Imperva
836,HSTS
838,reCAPTCHA
839,HSTS
839,reCAPTCHA
839,Cloudflare Bot Management
841,reCAPTCHA
842,HSTS
843,HSTS
844,reCAPTCHA
845,HSTS
847,reCAPTCHA
848,reCAPTCHA
849,HSTS
849,reCAPTCHA
850,Akamai Bot Manager
850,HSTS
851,reCAPTCHA
854,reCAPTCHA
854,HSTS
856,HSTS
856,reCAPTCHA
857,Akamai Bot Manager
857,reCAPTCHA
857,HSTS
858,HSTS
858,reCAPTCHA
859,HSTS
860,HSTS
861,reCAPTCHA
862,HSTS
862,reCAPTCHA
863,reCAPTCHA
864,HSTS
865,HSTS
865,Sucuri
865,reCAPTCHA
866,reCAPTCHA
867,HSTS
867,reCAPTCHA
868,reCAPTCHA
868,HSTS
869,HSTS
871,HSTS
871,reCAPTCHA
872,reCAPTCHA
872,HSTS
873,Akamai Bot Manager
873,HSTS
873,reCAPTCHA
874,HSTS
874,reCAPTCHA
877,HSTS
878,HSTS
878,Imperva
879,Akamai Bot Manager
879,Imperva
879,reCAPTCHA
880,Imperva
880,HSTS
881,HSTS
881,reCAPTCHA
881,Akamai Bot Manager
882,HSTS
883,reCAPTCHA
883,HSTS
886,HSTS
887,HSTS
888,reCAPTCHA
888,HSTS
889,reCAPTCHA
890,HSTS
890,reCAPTCHA
890,Securiti
891,HSTS
893,HSTS
894,HSTS
894,Akamai Bot Manager
894,reCAPTCHA
896,HSTS
897,HSTS
897,reCAPTCHA
898,reCAPTCHA
899,reCAPTCHA
899,Imperva
900,HSTS
900,Imperva
901,HSTS
902,reCAPTCHA
903,reCAPTCHA
904,HSTS
905,HSTS
906,HSTS
906,reCAPTCHA
907,HSTS
908,HSTS
909,HSTS
909,reCAPTCHA
910,HSTS
911,reCAPTCHA
913,Detectify
913,HSTS
913,Imperva
913,Securiti
914,Imperva
914,HSTS
914,reCAPTCHA
915,HSTS
916,reCAPTCHA
916,HSTS
917,reCAPTCHA
927,reCAPTCHA
928,HSTS
928,Sucuri
929,reCAPTCHA
930,reCAPTCHA
931,reCAPTCHA
933,HSTS
936,HSTS
937,HSTS
937,reCAPTCHA
940,HSTS
941,reCAPTCHA
941,HSTS
945,HSTS
946,HSTS
947,reCAPTCHA
948,HSTS
949,HSTS
950,HSTS
951,reCAPTCHA
952,reCAPTCHA
952,HSTS
953,Akamai Bot Manager
953,reCAPTCHA
953,ThreatMetrix
953,HSTS
954,HSTS
956,HSTS
957,reCAPTCHA
959,HSTS
959,reCAPTCHA
961,HSTS
962,HSTS
963,HSTS
964,HSTS
964,reCAPTCHA
965,HSTS
965,Securiti
965,reCAPTCHA
969,HSTS
969,ThreatMetrix
969,Akamai Bot Manager
970,Imperva
970,HSTS
970,Akamai Bot Manager
971,HSTS
972,HSTS
973,HSTS
974,HSTS
977,HSTS
978,HSTS
981,HSTS
981,Akamai Bot Manager
982,HSTS
982,Akamai Bot Manager
984,Imperva
985,HSTS
986,HSTS
987,reCAPTCHA
988,HSTS
988,Imperva
989,HSTS
989,Imperva
991,reCAPTCHA
992,HSTS
993,HSTS
993,reCAPTCHA
994,HSTS
1005,HSTS
1007,HSTS
1008,HSTS
1009,HSTS
1009,reCAPTCHA
1009,Cloudflare Bot Management
1010,HSTS
1011,HSTS
1011,reCAPTCHA
1012,Cloudflare Turnstile
1012,HSTS
1013,reCAPTCHA
1013,HSTS
1014,HSTS
1015,HSTS
1016,reCAPTCHA
1016,ThreatMetrix
1016,Akamai Bot Manager
1016,HSTS
1017,HSTS
1017,reCAPTCHA
1018,HSTS
1019,reCAPTCHA
1019,HSTS
1020,reCAPTCHA
1020,DataDome
1020,Akamai Bot Manager
1020,HSTS
1021,HSTS
1022,HSTS
1023,HSTS
1024,reCAPTCHA
1024,HSTS
1026,HSTS
1027,Akamai Bot Manager
1027,HSTS
1028,reCAPTCHA
1028,HSTS
1030,HSTS
1031,HSTS
1031,Cloudflare Bot Management
1031,reCAPTCHA
1032,HSTS
1034,HSTS
1035,HSTS
1035,Imperva
1038,reCAPTCHA
1041,HSTS
1041,Cloudflare Turnstile
1041,reCAPTCHA
1043,HSTS
1043,reCAPTCHA
1044,reCAPTCHA
1044,HSTS
1044,Securiti
1046,Cloudflare Bot Management
1046,HSTS
1047,HSTS
1047,Akamai Bot Manager
1048,HSTS
1050,HSTS
1050,Imperva
1051,reCAPTCHA
1052,reCAPTCHA
1053,HSTS
1054,reCAPTCHA
1055,Securiti
1056,reCAPTCHA
1056,HSTS
1057,HSTS
1059,HSTS
1060,HSTS
1061,reCAPTCHA
1062,reCAPTCHA
1062,HSTS
1063,HSTS
1064,Cloudflare Bot Management
1065,HSTS
1065,reCAPTCHA
1066,HSTS
1067,HSTS
1069,HSTS
1071,Cloudflare Bot Management
1073,Cloudflare Bot Management
1073,HSTS
1074,reCAPTCHA
1075,HSTS
1075,reCAPTCHA
1076,reCAPTCHA
1076,Securiti
1077,reCAPTCHA
1080,HSTS
1084,reCAPTCHA
1085,HSTS
1088,HSTS
1090,HSTS
1091,HSTS
1091,reCAPTCHA
1092,HSTS
1093,Imperva
1093,HSTS
1093,reCAPTCHA
1094,HSTS
1094,reCAPTCHA
