ID,SEO
11,Yoast SEO
25,Yoast SEO
26,Yoast SEO
35,Yoast SEO
38,Yoast SEO
42,Yoast SEO
43,Yoast SEO
44,Yoast SEO
46,Yoast SEO
50,Yoast SEO
51,RankMath SEO
54,RankMath SEO
55,Yoast SEO
56,Yoast SEO
57,Yoast SEO
58,RankMath SEO
60,Yoast SEO
61,Yoast SEO
62,Yoast SEO
64,All in One SEO Pack
64,Ahrefs
65,Yoast SEO
66,Yoast SEO
72,Yoast SEO
76,Yoast SEO
77,Yoast SEO
80,Yoast SEO
82,Yoast SEO
87,Yoast SEO
88,Yoast SEO
91,Yoast SEO
93,Yoast SEO
96,Yoast SEO
97,Yoast SEO
100,Yoast SEO
101,Yoast SEO
104,Yoast SEO
107,Yoast SEO
108,Yoast SEO
109,Yoast SEO
112,Yoast SEO
113,RankMath SEO
114,Yoast SEO
120,Yoast SEO
122,Yoast SEO Premium
122,Yoast SEO
123,Yoast SEO
126,Yoast SEO
126,Yoast SEO Premium
132,Yoast SEO
133,Yoast SEO
136,Yoast SEO
137,RankMath SEO
139,RankMath SEO
142,Yoast SEO
143,Yoast SEO
150,Yoast SEO
155,Yoast SEO
156,Yoast SEO
157,Yoast SEO
158,Yoast SEO
159,Yoast SEO
160,Yoast SEO
161,Yoast SEO
164,Yoast SEO
165,RankMath SEO
169,Yoast SEO
170,Yoast SEO
171,RankMath SEO
172,Yoast SEO
174,Yoast SEO
176,Yoast SEO
186,Yoast SEO
193,Yoast SEO
197,RankMath SEO
198,Yoast SEO
200,Yoast SEO
203,Yoast SEO
205,Yoast SEO
212,Yoast SEO
216,Yoast SEO
220,Yoast SEO
222,Yoast SEO
225,Yoast SEO
234,RankMath SEO
235,Yoast SEO
238,Yoast SEO
241,Yoast SEO
246,Yoast SEO
248,Yoast SEO Premium
248,Yoast SEO
254,All in One SEO Pack
254,Yoast SEO
255,Yoast SEO
258,Yoast SEO
259,Yoast SEO
267,Yoast SEO
269,Yoast SEO
269,Yoast SEO Premium
271,Yoast SEO
274,Yoast SEO
277,Yoast SEO
280,Yoast SEO
281,Yoast SEO
282,Yoast SEO
286,Yoast SEO
288,Yoast SEO
290,Yoast SEO
291,Yoast SEO
292,Yoast SEO
293,Yoast SEO
294,Yoast SEO
295,Yoast SEO
296,Yoast SEO
299,Yoast SEO
303,Yoast SEO
307,RankMath SEO
308,Yoast SEO
316,RankMath SEO
317,RankMath SEO
318,Yoast SEO
319,Yoast SEO
320,RankMath SEO
322,Yoast SEO
324,Yoast SEO
325,All in One SEO Pack
330,Yoast SEO
331,Yoast SEO
332,Yoast SEO
334,All in One SEO Pack
337,Yoast SEO
337,Yoast SEO Premium
339,Yoast SEO
341,RankMath SEO
345,Yoast SEO
349,Yoast SEO
350,Yoast SEO
354,Yoast SEO
355,RankMath SEO
361,Yoast SEO
362,Yoast SEO
364,Yoast SEO
365,Yoast SEO
368,Yoast SEO
372,Yoast SEO Premium
372,Yoast SEO
379,Yoast SEO
380,Yoast SEO
382,Yoast SEO
383,Yoast SEO Premium
393,Yoast SEO
395,Yoast SEO
400,Yoast SEO
410,Yoast SEO
422,Yoast SEO
429,Yoast SEO
436,Yoast SEO
437,Yoast SEO
450,Yoast SEO
455,Yoast SEO Premium
455,Yoast SEO
458,Yoast SEO
491,Ahrefs
492,Yoast SEO
493,Yoast SEO
494,Yoast SEO
499,Yoast SEO
501,Yoast SEO
502,Yoast SEO Premium
502,Yoast SEO
514,Yoast SEO
515,Yoast SEO
518,Yoast SEO
520,Yoast SEO
526,Yoast SEO
528,Yoast SEO Premium
528,Yoast SEO
533,Yoast SEO
535,Yoast SEO
536,Yoast SEO
537,Yoast SEO
546,Yoast SEO
548,Yoast SEO
552,RankMath SEO
558,Yoast SEO
559,Yoast SEO
560,Yoast SEO
561,Yoast SEO
575,Yoast SEO
579,Yoast SEO
593,Yoast SEO
599,Yoast SEO
604,Yoast SEO
606,Yoast SEO
609,Yoast SEO
615,Yoast SEO
622,Yoast SEO
633,Yoast SEO
635,Yoast SEO
646,Yoast SEO
650,Yoast SEO
656,Yoast SEO
657,Yoast SEO
661,Yoast SEO
662,Yoast SEO
664,RankMath SEO
672,Yoast SEO
674,Yoast SEO
676,Yoast SEO
681,Yoast SEO
682,Yoast SEO
686,All in One SEO Pack
697,Yoast SEO
698,All in One SEO Pack
704,Yoast SEO
705,Yoast SEO
714,Yoast SEO
715,Yoast SEO
725,Yoast SEO
727,Yoast SEO Premium
727,Yoast SEO
728,Yoast SEO
742,Yoast SEO
758,Yoast SEO
759,Yoast SEO
762,Yoast SEO
767,Yoast SEO
771,Yoast SEO
776,Yoast SEO
778,All in One SEO Pack
779,All in One SEO Pack
780,Yoast SEO
783,Yoast SEO
785,Yoast SEO
788,Yoast SEO
792,Yoast SEO
793,Yoast SEO
794,RankMath SEO
800,Yoast SEO
802,Yoast SEO
803,Yoast SEO
807,Yoast SEO
808,RankMath SEO
811,Yoast SEO
812,All in One SEO Pack
818,Yoast SEO
819,Yoast SEO
820,Yoast SEO
833,Yoast SEO
833,Yoast SEO Premium
834,Yoast SEO
838,All in One SEO Pack
845,Yoast SEO
848,Yoast SEO
858,Yoast SEO
863,Yoast SEO
864,Yoast SEO
865,Yoast SEO
868,All in One SEO Pack
874,Yoast SEO
877,All in One SEO Pack
883,Yoast SEO
888,Yoast SEO
889,RankMath SEO
899,Yoast SEO
900,Yoast SEO
903,Yoast SEO
905,RankMath SEO
910,Yoast SEO
914,Yoast SEO Premium
914,Yoast SEO
915,Yoast SEO
915,Yoast SEO Premium
916,Yoast SEO
916,Yoast SEO Premium
928,Yoast SEO
931,Yoast SEO
935,Yoast SEO
936,Yoast SEO
937,Yoast SEO
965,Yoast SEO
973,Yoast SEO
978,Yoast SEO
983,All in One SEO Pack
990,Yoast SEO
1012,Yoast SEO
1012,Yoast SEO Premium
1015,Yoast SEO
1015,Yoast SEO Premium
1017,Yoast SEO
1023,Yoast SEO
1028,Yoast SEO
1029,Yoast SEO Premium
1029,Yoast SEO
1037,Yoast SEO
1040,Yoast SEO
1050,Yoast SEO
1052,Yoast SEO
1054,Yoast SEO
1054,Yoast SEO Premium
1055,Yoast SEO
1060,Yoast SEO
1061,Yoast SEO
1065,RankMath SEO
1067,Yoast SEO
1069,Yoast SEO Premium
1069,Yoast SEO
1077,Yoast SEO
1078,Yoast SEO
1078,Yoast SEO Premium
1079,Yoast SEO Premium
1079,Yoast SEO
1081,Yoast SEO
1084,Yoast SEO
1093,Yoast SEO
1094,Yoast SEO
