ID,Tag managers
1,Google Tag Manager
2,Google Tag Manager
4,Google Tag Manager
5,Google Tag Manager
7,Google Tag Manager
9,Google Tag Manager
11,Google Tag Manager
14,Google Tag Manager
15,Google Tag Manager
16,Google Tag Manager
18,Google Tag Manager
19,Google Tag Manager
21,Google Tag Manager
23,Google Tag Manager
25,Google Tag Manager
26,Google Tag Manager
27,Google Tag Manager
28,Google Tag Manager
30,Google Tag Manager
31,Google Tag Manager
32,Google Tag Manager
33,Google Tag Manager
34,Google Tag Manager
35,Google Tag Manager
37,Google Tag Manager
38,Google Tag Manager
39,Google Tag Manager
40,Google Tag Manager
42,Google Tag Manager
43,Google Tag Manager
44,Google Tag Manager
46,Google Tag Manager
47,Google Tag Manager
49,Google Tag Manager
50,Google Tag Manager
51,Google Tag Manager
53,Google Tag Manager
54,Google Tag Manager
55,Google Tag Manager
56,Google Tag Manager
57,Google Tag Manager
58,Google Tag Manager
58,Matomo Tag Manager
59,Google Tag Manager
60,Google Tag Manager
61,Google Tag Manager
62,Google Tag Manager
63,Google Tag Manager
64,Google Tag Manager
65,Google Tag Manager
66,Google Tag Manager
67,Google Tag Manager
67,Adobe Experience Platform Launch
70,Google Tag Manager
71,Google Tag Manager
72,Google Tag Manager
74,Google Tag Manager
75,Google Tag Manager
76,Google Tag Manager
77,Google Tag Manager
78,Google Tag Manager
79,Google Tag Manager
80,Google Tag Manager
82,Google Tag Manager
83,Adobe Experience Platform Launch
83,Google Tag Manager
85,Google Tag Manager
86,Google Tag Manager
87,Google Tag Manager
88,Google Tag Manager
89,Google Tag Manager
90,Google Tag Manager
91,Google Tag Manager
93,Google Tag Manager
94,Google Tag Manager
95,Google Tag Manager
96,Google Tag Manager
97,Google Tag Manager
98,Google Tag Manager
99,Adobe Experience Platform Launch
99,Google Tag Manager
100,Google Tag Manager
101,Google Tag Manager
103,Google Tag Manager
104,Google Tag Manager
105,Google Tag Manager
106,Google Tag Manager
108,Google Tag Manager
109,Google Tag Manager
110,Google Tag Manager
111,Google Tag Manager
112,Google Tag Manager
114,Google Tag Manager
115,Google Tag Manager
116,Google Tag Manager
117,Google Tag Manager
119,Google Tag Manager
120,Google Tag Manager
122,Google Tag Manager
124,Google Tag Manager
125,Google Tag Manager
126,Google Tag Manager
128,Google Tag Manager
129,Google Tag Manager
130,Adobe Experience Platform Launch
131,Google Tag Manager
132,Google Tag Manager
133,Google Tag Manager
134,Google Tag Manager
135,Google Tag Manager
136,Google Tag Manager
137,Google Tag Manager
138,Google Tag Manager
139,Google Tag Manager
140,Google Tag Manager
141,Google Tag Manager
142,Google Tag Manager
143,Google Tag Manager
144,Google Tag Manager
145,Google Tag Manager
146,Google Tag Manager
146,Tealium
147,Tealium
147,Google Tag Manager
148,Tealium
148,Google Tag Manager
149,Google Tag Manager
151,Google Tag Manager
152,Adobe Experience Platform Launch
152,Google Tag Manager
153,Google Tag Manager
155,Google Tag Manager
156,Google Tag Manager
157,Google Tag Manager
159,Google Tag Manager
160,Google Tag Manager
161,Google Tag Manager
162,Google Tag Manager
163,Google Tag Manager
164,Google Tag Manager
165,Google Tag Manager
168,Google Tag Manager
170,Google Tag Manager
171,Google Tag Manager
172,Google Tag Manager
173,Google Tag Manager
174,Google Tag Manager
175,Google Tag Manager
176,Google Tag Manager
177,Google Tag Manager
178,Google Tag Manager
180,Google Tag Manager
181,Google Tag Manager
183,Google Tag Manager
184,Google Tag Manager
186,Google Tag Manager
188,Google Tag Manager
189,Google Tag Manager
190,Google Tag Manager
191,Google Tag Manager
192,Google Tag Manager
193,Google Tag Manager
194,Google Tag Manager
196,Google Tag Manager
198,Google Tag Manager
200,Google Tag Manager
201,Google Tag Manager
202,Google Tag Manager
203,Google Tag Manager
205,Google Tag Manager
206,Google Tag Manager
208,Google Tag Manager
209,Google Tag Manager
210,Google Tag Manager
211,Google Tag Manager
212,Google Tag Manager
213,Adobe Experience Platform Launch
213,Google Tag Manager
214,Google Tag Manager
215,Google Tag Manager
216,Google Tag Manager
220,Google Tag Manager
221,Google Tag Manager
222,Google Tag Manager
225,Google Tag Manager
226,Google Tag Manager
228,Google Tag Manager
229,Google Tag Manager
231,Google Tag Manager
233,Google Tag Manager
234,Google Tag Manager
235,Google Tag Manager
236,Google Tag Manager
238,Google Tag Manager
240,Google Tag Manager
241,Google Tag Manager
243,Google Tag Manager
244,Adobe Experience Platform Launch
245,Google Tag Manager
246,Google Tag Manager
248,Google Tag Manager
250,Google Tag Manager
251,Google Tag Manager
252,Google Tag Manager
255,Google Tag Manager
257,Google Tag Manager
258,Google Tag Manager
259,Google Tag Manager
261,Google Tag Manager
262,Google Tag Manager
263,Google Tag Manager
264,Google Tag Manager
265,Google Tag Manager
266,Google Tag Manager
267,Google Tag Manager
269,Google Tag Manager
270,Google Tag Manager
271,Google Tag Manager
272,Google Tag Manager
273,Google Tag Manager
274,Google Tag Manager
275,Google Tag Manager
277,Google Tag Manager
280,Google Tag Manager
281,Google Tag Manager
282,Google Tag Manager
285,Google Tag Manager
286,Google Tag Manager
287,Google Tag Manager
288,Google Tag Manager
290,Google Tag Manager
291,Google Tag Manager
292,Google Tag Manager
293,Google Tag Manager
294,Google Tag Manager
295,Google Tag Manager
296,Google Tag Manager
300,Google Tag Manager
301,Google Tag Manager
302,Google Tag Manager
303,Google Tag Manager
304,Google Tag Manager
305,Google Tag Manager
306,Google Tag Manager
308,Google Tag Manager
311,Google Tag Manager
312,Google Tag Manager
314,Google Tag Manager
315,Google Tag Manager
316,Google Tag Manager
317,Google Tag Manager
318,Google Tag Manager
319,Google Tag Manager
320,Google Tag Manager
324,Google Tag Manager
325,Google Tag Manager
327,Google Tag Manager
330,Google Tag Manager
332,Google Tag Manager
333,Google Tag Manager
334,Google Tag Manager
335,Google Tag Manager
336,Google Tag Manager
338,Google Tag Manager
339,Google Tag Manager
340,Google Tag Manager
341,Google Tag Manager
343,Google Tag Manager
345,Google Tag Manager
347,Google Tag Manager
348,Google Tag Manager
349,Google Tag Manager
350,Google Tag Manager
351,Google Tag Manager
352,Google Tag Manager
353,Google Tag Manager
354,Google Tag Manager
355,Google Tag Manager
356,Adobe Experience Platform Launch
356,Google Tag Manager
357,Google Tag Manager
358,Google Tag Manager
359,Google Tag Manager
360,Tealium
360,Google Tag Manager
361,Google Tag Manager
362,Google Tag Manager
363,Google Tag Manager
365,Google Tag Manager
367,Google Tag Manager
368,Google Tag Manager
370,Google Tag Manager
371,Adobe Experience Platform Launch
372,Google Tag Manager
373,Google Tag Manager
374,Adobe Experience Platform Launch
374,Google Tag Manager
375,Google Tag Manager
375,Adobe Experience Platform Launch
377,Google Tag Manager
378,Google Tag Manager
379,Google Tag Manager
380,Google Tag Manager
381,Google Tag Manager
383,Google Tag Manager
385,Google Tag Manager
386,Google Tag Manager
387,Google Tag Manager
388,Google Tag Manager
389,Google Tag Manager
390,Google Tag Manager
391,Google Tag Manager
392,Google Tag Manager
393,Google Tag Manager
394,Google Tag Manager
395,Google Tag Manager
396,Google Tag Manager
397,Google Tag Manager
398,Google Tag Manager
399,Google Tag Manager
399,Adobe Experience Platform Launch
400,Matomo Tag Manager
400,Google Tag Manager
401,Google Tag Manager
402,Google Tag Manager
403,Google Tag Manager
404,Google Tag Manager
405,Google Tag Manager
405,Adobe Experience Platform Launch
406,Google Tag Manager
410,Google Tag Manager
412,Google Tag Manager
414,Google Tag Manager
415,Google Tag Manager
417,Google Tag Manager
420,Tealium
422,Google Tag Manager
423,Adobe Experience Platform Launch
423,Google Tag Manager
424,Google Tag Manager
425,Adobe Experience Platform Launch
425,Google Tag Manager
427,Google Tag Manager
428,Google Tag Manager
429,Google Tag Manager
430,Google Tag Manager
431,Google Tag Manager
432,Google Tag Manager
434,Google Tag Manager
435,Google Tag Manager
435,Adobe Experience Platform Launch
436,Google Tag Manager
437,Google Tag Manager
438,Google Tag Manager
439,Google Tag Manager
440,Google Tag Manager
442,Google Tag Manager
443,Google Tag Manager
447,Google Tag Manager
448,Google Tag Manager
449,Google Tag Manager
450,Google Tag Manager
451,Google Tag Manager
452,Google Tag Manager
453,Google Tag Manager
454,Google Tag Manager
455,Google Tag Manager
456,Google Tag Manager
458,Google Tag Manager
459,Google Tag Manager
460,Google Tag Manager
461,Google Tag Manager
462,Tealium
463,Adobe Experience Platform Launch
463,Google Tag Manager
465,Google Tag Manager
466,Google Tag Manager
467,Google Tag Manager
468,Google Tag Manager
471,Google Tag Manager
473,Google Tag Manager
474,Google Tag Manager
475,Google Tag Manager
476,Google Tag Manager
478,Google Tag Manager
480,Google Tag Manager
481,Google Tag Manager
482,Google Tag Manager
485,Google Tag Manager
488,Google Tag Manager
489,Google Tag Manager
490,Google Tag Manager
491,Google Tag Manager
492,Google Tag Manager
493,Google Tag Manager
495,Adobe Experience Platform Launch
496,Google Tag Manager
496,Adobe Experience Platform Launch
497,Google Tag Manager
498,Google Tag Manager
499,Google Tag Manager
500,Google Tag Manager
502,Google Tag Manager
504,Google Tag Manager
505,Google Tag Manager
506,Google Tag Manager
507,Google Tag Manager
508,Google Tag Manager
510,Google Tag Manager
511,Google Tag Manager
512,Google Tag Manager
513,Google Tag Manager
514,Google Tag Manager
515,Google Tag Manager
516,Google Tag Manager
517,Google Tag Manager
518,Google Tag Manager
519,Google Tag Manager
520,Google Tag Manager
521,Google Tag Manager
522,Google Tag Manager
523,Google Tag Manager
525,Google Tag Manager
526,Google Tag Manager
527,Google Tag Manager
528,Google Tag Manager
529,Google Tag Manager
532,Google Tag Manager
533,Google Tag Manager
534,Google Tag Manager
534,Matomo Tag Manager
535,Google Tag Manager
536,Google Tag Manager
537,Google Tag Manager
538,Google Tag Manager
539,Google Tag Manager
540,Google Tag Manager
543,Google Tag Manager
544,Google Tag Manager
544,Adobe Experience Platform Launch
546,Google Tag Manager
548,Google Tag Manager
550,Google Tag Manager
551,Google Tag Manager
552,Google Tag Manager
553,Google Tag Manager
554,Google Tag Manager
555,Google Tag Manager
556,Google Tag Manager
557,Google Tag Manager
558,Google Tag Manager
559,Google Tag Manager
560,Google Tag Manager
562,Google Tag Manager
567,Google Tag Manager
568,Google Tag Manager
569,Google Tag Manager
571,Google Tag Manager
572,Google Tag Manager
573,Google Tag Manager
575,Google Tag Manager
577,Adobe Experience Platform Launch
578,Google Tag Manager
579,Google Tag Manager
580,Google Tag Manager
581,Google Tag Manager
582,Google Tag Manager
584,Google Tag Manager
585,Google Tag Manager
586,Google Tag Manager
587,Google Tag Manager
588,Google Tag Manager
589,Google Tag Manager
590,Google Tag Manager
591,Google Tag Manager
592,Google Tag Manager
593,Google Tag Manager
594,Google Tag Manager
595,Google Tag Manager
596,Google Tag Manager
598,Google Tag Manager
599,Google Tag Manager
600,Google Tag Manager
601,Google Tag Manager
602,Google Tag Manager
603,Google Tag Manager
604,Google Tag Manager
605,Google Tag Manager
606,Google Tag Manager
607,Google Tag Manager
608,Google Tag Manager
609,Google Tag Manager
610,Google Tag Manager
611,Google Tag Manager
612,Google Tag Manager
613,Adobe Experience Platform Launch
613,Google Tag Manager
614,Google Tag Manager
615,Google Tag Manager
617,Google Tag Manager
618,Google Tag Manager
619,Google Tag Manager
620,Google Tag Manager
621,Google Tag Manager
623,Google Tag Manager
625,Adobe Experience Platform Launch
625,Google Tag Manager
626,Google Tag Manager
627,Google Tag Manager
629,Google Tag Manager
630,Google Tag Manager
631,Google Tag Manager
633,Google Tag Manager
634,Google Tag Manager
635,Google Tag Manager
637,Google Tag Manager
638,Google Tag Manager
639,Google Tag Manager
641,Google Tag Manager
642,Google Tag Manager
643,Google Tag Manager
645,Google Tag Manager
646,Google Tag Manager
647,Google Tag Manager
649,Google Tag Manager
650,Google Tag Manager
651,Google Tag Manager
652,Google Tag Manager
653,Google Tag Manager
654,Google Tag Manager
655,Google Tag Manager
656,Google Tag Manager
657,Google Tag Manager
658,Google Tag Manager
659,Google Tag Manager
661,Google Tag Manager
662,Google Tag Manager
663,Google Tag Manager
664,Google Tag Manager
665,Google Tag Manager
666,Google Tag Manager
667,Google Tag Manager
668,Google Tag Manager
670,Google Tag Manager
672,Google Tag Manager
673,Google Tag Manager
674,Google Tag Manager
675,Google Tag Manager
676,Google Tag Manager
677,Google Tag Manager
678,Google Tag Manager
679,Google Tag Manager
680,Google Tag Manager
682,Google Tag Manager
683,Google Tag Manager
683,Matomo Tag Manager
684,Google Tag Manager
685,Google Tag Manager
688,Google Tag Manager
689,Google Tag Manager
690,Google Tag Manager
692,Google Tag Manager
693,Tealium
693,Google Tag Manager
694,Google Tag Manager
695,Google Tag Manager
696,Google Tag Manager
698,Google Tag Manager
700,Google Tag Manager
702,Google Tag Manager
704,Google Tag Manager
705,Google Tag Manager
706,Google Tag Manager
707,Google Tag Manager
708,Google Tag Manager
709,Google Tag Manager
710,Google Tag Manager
711,Google Tag Manager
713,Google Tag Manager
714,Google Tag Manager
715,Google Tag Manager
717,Google Tag Manager
718,Google Tag Manager
719,Google Tag Manager
720,Google Tag Manager
721,Google Tag Manager
722,Google Tag Manager
723,Google Tag Manager
724,Google Tag Manager
725,Google Tag Manager
726,Adobe Experience Platform Launch
726,Google Tag Manager
727,Matomo Tag Manager
727,Google Tag Manager
728,Google Tag Manager
731,Google Tag Manager
732,Adobe Experience Platform Launch
732,Google Tag Manager
733,Google Tag Manager
733,Adobe Experience Platform Launch
734,Google Tag Manager
735,Google Tag Manager
736,Google Tag Manager
738,Google Tag Manager
739,Google Tag Manager
740,Google Tag Manager
741,Google Tag Manager
742,Google Tag Manager
743,Google Tag Manager
744,Google Tag Manager
745,Google Tag Manager
746,Google Tag Manager
747,Google Tag Manager
748,Google Tag Manager
749,Google Tag Manager
750,Google Tag Manager
751,Google Tag Manager
752,Google Tag Manager
753,Google Tag Manager
756,Google Tag Manager
757,Google Tag Manager
758,Google Tag Manager
759,Google Tag Manager
760,Google Tag Manager
761,Google Tag Manager
762,Google Tag Manager
763,Google Tag Manager
764,Google Tag Manager
765,Google Tag Manager
767,Google Tag Manager
768,Google Tag Manager
769,Google Tag Manager
770,Google Tag Manager
771,Google Tag Manager
774,Google Tag Manager
775,Google Tag Manager
777,Google Tag Manager
782,Google Tag Manager
783,Google Tag Manager
785,Google Tag Manager
786,Google Tag Manager
787,Google Tag Manager
789,Google Tag Manager
791,Google Tag Manager
792,Google Tag Manager
793,Google Tag Manager
794,Google Tag Manager
795,Google Tag Manager
796,Google Tag Manager
797,Google Tag Manager
799,Google Tag Manager
800,Google Tag Manager
801,Google Tag Manager
803,Google Tag Manager
804,Google Tag Manager
805,Google Tag Manager
806,Google Tag Manager
807,Google Tag Manager
808,Google Tag Manager
809,Google Tag Manager
811,Google Tag Manager
813,Google Tag Manager
814,Google Tag Manager
815,Google Tag Manager
816,Adobe Experience Platform Launch
816,Google Tag Manager
817,Google Tag Manager
817,Adobe Experience Platform Launch
818,Google Tag Manager
819,Google Tag Manager
821,Google Tag Manager
822,Tealium
823,Google Tag Manager
824,Google Tag Manager
825,Google Tag Manager
826,Google Tag Manager
828,Google Tag Manager
829,Google Tag Manager
830,Google Tag Manager
832,Google Tag Manager
833,Google Tag Manager
834,Google Tag Manager
835,Google Tag Manager
836,Google Tag Manager
837,Google Tag Manager
838,Google Tag Manager
839,Adobe Experience Platform Launch
840,Google Tag Manager
841,Google Tag Manager
843,Google Tag Manager
844,Google Tag Manager
845,Google Tag Manager
846,Google Tag Manager
847,Google Tag Manager
848,Google Tag Manager
849,Google Tag Manager
850,Google Tag Manager
851,Google Tag Manager
853,Google Tag Manager
855,Google Tag Manager
856,Google Tag Manager
857,Google Tag Manager
857,Adobe Experience Platform Launch
858,Google Tag Manager
859,Google Tag Manager
861,Google Tag Manager
862,Google Tag Manager
863,Google Tag Manager
864,Google Tag Manager
865,Google Tag Manager
866,Google Tag Manager
867,Google Tag Manager
868,Google Tag Manager
870,Google Tag Manager
871,Google Tag Manager
872,Google Tag Manager
873,Google Tag Manager
874,Google Tag Manager
877,Google Tag Manager
878,Google Tag Manager
879,Google Tag Manager
880,Google Tag Manager
881,Google Tag Manager
883,Google Tag Manager
884,Google Tag Manager
885,Google Tag Manager
886,Google Tag Manager
888,Google Tag Manager
889,Google Tag Manager
890,Google Tag Manager
892,Google Tag Manager
893,Google Tag Manager
894,Google Tag Manager
894,Tealium
896,Google Tag Manager
897,Google Tag Manager
899,Google Tag Manager
900,Google Tag Manager
901,Google Tag Manager
902,Google Tag Manager
903,Google Tag Manager
904,Google Tag Manager
905,Google Tag Manager
906,Google Tag Manager
907,Google Tag Manager
908,Google Tag Manager
909,Google Tag Manager
911,Google Tag Manager
912,Google Tag Manager
913,Google Tag Manager
914,Google Tag Manager
915,Google Tag Manager
916,Google Tag Manager
917,Google Tag Manager
927,Google Tag Manager
928,Google Tag Manager
929,Google Tag Manager
930,Google Tag Manager
933,Adobe Experience Platform Launch
934,Google Tag Manager
935,Google Tag Manager
936,Google Tag Manager
937,Google Tag Manager
939,Google Tag Manager
940,Google Tag Manager
941,Google Tag Manager
945,Google Tag Manager
946,Google Tag Manager
947,Google Tag Manager
948,Google Tag Manager
950,Google Tag Manager
951,Google Tag Manager
952,Google Tag Manager
953,Google Tag Manager
954,Google Tag Manager
955,Google Tag Manager
956,Google Tag Manager
957,Google Tag Manager
959,Google Tag Manager
961,Google Tag Manager
962,Google Tag Manager
963,Google Tag Manager
964,Google Tag Manager
965,Google Tag Manager
969,Tealium
969,Google Tag Manager
970,Google Tag Manager
971,Google Tag Manager
972,Adobe Experience Platform Launch
973,Google Tag Manager
974,Google Tag Manager
977,Adobe Experience Platform Launch
978,Google Tag Manager
979,Google Tag Manager
980,Google Tag Manager
981,Google Tag Manager
982,Google Tag Manager
983,Google Tag Manager
984,Google Tag Manager
985,Google Tag Manager
986,Google Tag Manager
987,Google Tag Manager
988,Google Tag Manager
989,Google Tag Manager
990,Google Tag Manager
991,Google Tag Manager
992,Google Tag Manager
993,Google Tag Manager
1005,Google Tag Manager
1006,Google Tag Manager
1007,Google Tag Manager
1008,Adobe Experience Platform Launch
1009,Google Tag Manager
1009,Adobe Experience Platform Launch
1010,Google Tag Manager
1011,Google Tag Manager
1012,Google Tag Manager
1013,Google Tag Manager
1014,Google Tag Manager
1015,Google Tag Manager
1016,Google Tag Manager
1017,Google Tag Manager
1018,Google Tag Manager
1019,Google Tag Manager
1020,Adobe Experience Platform Launch
1020,Google Tag Manager
1020,Tealium
1021,Google Tag Manager
1022,Google Tag Manager
1023,Google Tag Manager
1024,Google Tag Manager
1026,Google Tag Manager
1027,Adobe Experience Platform Launch
1027,Google Tag Manager
1030,Google Tag Manager
1031,Google Tag Manager
1032,Google Tag Manager
1033,Google Tag Manager
1034,Google Tag Manager
1035,Google Tag Manager
1037,Google Tag Manager
1038,Google Tag Manager
1040,Google Tag Manager
1041,Google Tag Manager
1043,Ensighten
1043,Google Tag Manager
1044,Google Tag Manager
1045,Google Tag Manager
1047,Google Tag Manager
1048,Google Tag Manager
1049,Google Tag Manager
1050,Google Tag Manager
1051,Google Tag Manager
1052,Google Tag Manager
1054,Google Tag Manager
1055,Google Tag Manager
1056,Adobe Experience Platform Launch
1056,Google Tag Manager
1058,Google Tag Manager
1059,Google Tag Manager
1061,Google Tag Manager
1062,Google Tag Manager
1063,Google Tag Manager
1064,Google Tag Manager
1065,Google Tag Manager
1066,Google Tag Manager
1067,Google Tag Manager
1068,Google Tag Manager
1069,Google Tag Manager
1070,Google Tag Manager
1071,Google Tag Manager
1072,Google Tag Manager
1073,Adobe Experience Platform Launch
1075,Google Tag Manager
1076,Google Tag Manager
1077,Google Tag Manager
1079,Google Tag Manager
1080,Google Tag Manager
1082,Google Tag Manager
1083,Google Tag Manager
1084,Google Tag Manager
1085,Google Tag Manager
1086,Google Tag Manager
1087,Google Tag Manager
1089,Google Tag Manager
1090,Google Tag Manager
1091,Google Tag Manager
1092,Google Tag Manager
1093,Adobe Experience Platform Launch
1093,Google Tag Manager
