ID,UI frameworks
1,Bootstrap
11,Bootstrap
14,MUI
15,Bootstrap
16,Tailwind CSS
16,Animate.css
17,Bootstrap
18,Animate.css
18,Bootstrap
19,Chakra UI
23,Bootstrap
24,UIKit
26,Bootstrap
27,Bootstrap
28,Bootstrap
30,Bootstrap
33,Bootstrap
34,Tailwind CSS
34,Radix UI
37,UIKit
38,Bootstrap
40,Bootstrap
50,Animate.css
51,Bootstrap
52,Bootstrap
53,Bootstrap
56,Tailwind CSS
59,Bootstrap
62,Bootstrap
63,Bootstrap
63,Semantic UI
64,ZURB Foundation
67,Bootstrap
70,Bootstrap
71,Bootstrap
72,Bootstrap
73,Bootstrap
74,Bootstrap
75,Bootstrap
76,Animate.css
76,Bootstrap
77,Bootstrap
78,Bootstrap
79,Bootstrap
81,Bootstrap
82,Bootstrap
83,Bootstrap
86,Bootstrap
89,Bootstrap
90,Bootstrap
94,Bootstrap
97,Element UI
97,Animate.css
98,Bootstrap
100,Bootstrap
101,Semantic UI
104,Bootstrap
105,Bootstrap
107,Bootstrap
108,Bootstrap
110,Bootstrap
110,Animate.css
111,MUI
112,Bootstrap
115,Bootstrap
116,Bootstrap
122,Bootstrap
124,Ant Design
125,Bootstrap
125,UIKit
126,Bootstrap
126,Chakra UI
128,Bootstrap
129,Bootstrap
130,Radix UI
130,Tailwind CSS
130,shadcn/ui
132,Semantic UI
134,Bootstrap
135,Bootstrap
136,Bootstrap
137,MUI
137,Bootstrap
138,Kendo UI
140,Tailwind CSS
140,Radix UI
143,Semantic UI
144,Bootstrap
145,UIKit
148,Bootstrap
152,Bootstrap
154,Bootstrap
156,Flowbite
156,Bootstrap
156,Tailwind CSS
158,Bootstrap
161,Bootstrap
162,Tailwind CSS
165,Animate.css
165,UIKit
165,Bootstrap
166,Bootstrap
169,Bootstrap
170,MDBootstrap
170,Bootstrap
171,Bootstrap
173,Bootstrap
174,Bootstrap
180,Bootstrap
181,Bootstrap
183,Bootstrap
184,Bootstrap
184,Animate.css
185,Animate.css
187,Tailwind CSS
192,Bootstrap
193,Bootstrap
195,MUI
201,Bootstrap
204,Bootstrap
206,Bootstrap
208,Animate.css
208,CivicTheme
214,UIKit
217,Animate.css
217,Bootstrap
221,Bootstrap
223,Tailwind CSS
224,Animate.css
225,Bootstrap
225,Tailwind CSS
226,Chakra UI
227,Bootstrap
233,Bootstrap
240,Animate.css
240,Bootstrap
241,Bootstrap
244,Marko
249,Bootstrap
251,Bootstrap
253,Bootstrap
255,Bootstrap
257,Bootstrap
259,Bootstrap
260,Bootstrap
262,Bootstrap
262,Element UI
265,MUI
265,Bootstrap
267,Bootstrap
268,Bootstrap
272,Bootstrap
274,Bootstrap
275,Bootstrap
282,Bootstrap
282,Animate.css
285,Bootstrap
287,Bootstrap
289,Bootstrap
292,Bootstrap
300,Bootstrap
302,Bootstrap
303,Bootstrap
303,Animate.css
304,Bootstrap
306,Bootstrap
311,Radix UI
311,Tailwind CSS
312,Bootstrap
314,Bootstrap
315,Bootstrap
316,Bootstrap
317,UIKit
318,Bootstrap
319,CivicTheme
320,Bootstrap
324,Bootstrap
325,Bootstrap
327,Bootstrap
330,Animate.css
330,Bootstrap
330,Material Design Lite
331,Animate.css
332,Bootstrap
333,MUI
334,Bootstrap
336,Bootstrap
339,ZURB Foundation
339,Animate.css
340,Bootstrap
341,Bootstrap
342,Bootstrap
343,Chakra UI
345,Animate.css
350,Element UI
352,Bootstrap
353,Bootstrap
354,Bootstrap
358,Bootstrap
360,Tailwind CSS
360,PrimeVue
361,Bootstrap
364,Bootstrap
365,Bootstrap
369,Bootstrap
370,Bootstrap
372,Radix UI
372,shadcn/ui
372,Bootstrap
372,Tailwind CSS
373,Bootstrap
377,Bootstrap
378,Bootstrap
379,Bootstrap
380,Bootstrap
382,Animate.css
382,Bootstrap
383,Bootstrap
386,Bootstrap
389,Kendo UI
389,Bootstrap
390,Tailwind CSS
390,Headless UI
391,Bootstrap
393,Bootstrap
394,ZURB Foundation
395,Bootstrap
402,Element UI
403,Tailwind CSS
404,Bootstrap
405,Element UI
407,Bootstrap
424,Bootstrap
425,Bootstrap
426,Bootstrap
428,Chakra UI
429,Bootstrap
430,Bootstrap
430,Animate.css
431,Bootstrap
434,Bootstrap
435,Element UI
435,Bootstrap
436,Bootstrap
436,Animate.css
437,Bootstrap
440,Radix UI
440,CivicTheme
440,Bootstrap
441,Bootstrap
441,Animate.css
443,Semantic UI
445,Bootstrap
448,Bootstrap
450,UIKit
451,Bootstrap
453,Bootstrap
454,Tailwind CSS
455,Bootstrap
455,ZURB Foundation
456,Element UI
457,Bootstrap
458,Material Design Lite
459,MUI
463,Bootstrap
468,Bootstrap
468,Animate.css
469,Bootstrap
473,Bootstrap
475,Bootstrap
477,Bootstrap
478,Bootstrap
480,Bootstrap
485,Bootstrap
485,Animate.css
486,Bootstrap
488,Bootstrap
488,Animate.css
489,Bootstrap
491,Radix UI
495,Bootstrap
496,ZURB Foundation
496,Bootstrap
498,Bootstrap
500,Bootstrap
502,UIKit
502,Bootstrap
508,Bootstrap
510,Bootstrap
513,Bootstrap
517,Tailwind CSS
518,Bootstrap
519,Bootstrap
521,Element UI
521,Bootstrap
522,MUI
523,Bootstrap
525,Bootstrap
528,Bootstrap
529,Bootstrap
532,Animate.css
532,Bootstrap
533,Bootstrap
534,Animate.css
534,CivicTheme
535,Bootstrap
537,Bootstrap
538,MUI
540,Animate.css
540,Bootstrap
542,Bootstrap
543,Bootstrap
544,Bootstrap
544,MUI
544,Element UI
546,Bootstrap
546,Element UI
547,Bootstrap
548,Bootstrap
549,Bootstrap
550,Bootstrap
551,Ant Design
551,MUI
552,Bootstrap
553,Bootstrap
554,Bootstrap
555,Tailwind CSS
556,Animate.css
556,Bootstrap
557,Animate.css
557,Bootstrap
559,Tailwind CSS
560,Bootstrap
562,MUI
562,Bootstrap
567,MUI
567,Bootstrap
568,Bootstrap
569,Bootstrap
569,Tailwind CSS
570,Tailwind CSS
573,Bootstrap
575,Bootstrap
575,UIKit
576,Bootstrap
577,Bootstrap
577,ZURB Foundation
578,Bootstrap
580,Element UI
580,CivicTheme
582,Element UI
585,Bootstrap
586,Animate.css
587,Animate.css
588,Bootstrap
589,Bootstrap
593,Bootstrap
595,Tailwind CSS
596,Bootstrap
600,Bootstrap
601,MUI
601,Element UI
602,Bootstrap
603,Bootstrap
605,Bootstrap
607,Bootstrap
610,Bootstrap
611,Bootstrap
613,Bootstrap
613,Angular Material
614,Chakra UI
615,Bootstrap
615,Animate.css
616,Bootstrap
617,Bootstrap
617,Animate.css
618,Bootstrap
620,Bootstrap
622,Bootstrap
623,Bootstrap
624,Bootstrap
626,CivicTheme
626,Bootstrap
627,Bootstrap
628,Bootstrap
631,Radix UI
633,Animate.css
634,Bootstrap
636,Aura
636,Bootstrap
638,Bootstrap
639,CivicTheme
639,Bootstrap
641,Bootstrap
642,Headless UI
645,Bootstrap
645,Animate.css
647,Bootstrap
648,Bootstrap
648,Animate.css
649,Tailwind CSS
650,Bootstrap
652,Bootstrap
653,Bootstrap
654,Bootstrap
657,Tailwind CSS
657,Animate.css
657,Bootstrap
658,Bootstrap
659,ZURB Foundation
665,CivicTheme
672,Bootstrap
672,Animate.css
673,Bootstrap
674,Bootstrap
678,ZURB Foundation
679,Tailwind CSS
679,Bootstrap
681,Bootstrap
683,Radix UI
683,Tailwind CSS
683,Bootstrap
684,Bootstrap
685,CivicTheme
685,Animate.css
685,Bootstrap
686,Chakra UI
689,Bootstrap
690,MUI
696,Bootstrap
697,Bootstrap
705,Bootstrap
708,Animate.css
708,Bootstrap
709,Element UI
710,Bootstrap
711,Animate.css
715,Animate.css
717,Animate.css
717,Bootstrap
718,Bootstrap
721,Tailwind CSS
721,PrimeVue
721,UnoCSS
723,Bootstrap
724,Tailwind CSS
726,Bootstrap
731,Animate.css
731,Bootstrap
736,Radix UI
741,Bootstrap
742,Bootstrap
743,Bootstrap
744,Tailwind CSS
744,shadcn/ui
744,Radix UI
745,Bootstrap
747,Bootstrap
748,Bootstrap
749,MUI
750,Bootstrap
750,Animate.css
751,Vuetify
752,Radix UI
752,MUI
753,UIKit
756,Bootstrap
758,Animate.css
759,Bootstrap
760,Bootstrap
763,Bootstrap
764,Bootstrap
764,Vuetify
765,Animate.css
766,Tailwind CSS
766,Element UI
767,Bootstrap
775,ZURB Foundation
776,Bootstrap
777,Bootstrap
777,Animate.css
778,Bootstrap
779,Bootstrap
782,Headless UI
784,Bootstrap
786,Bootstrap
789,Bootstrap
793,Bootstrap
793,UIKit
794,Bootstrap
795,Animate.css
796,Tailwind CSS
797,Bootstrap
803,Bootstrap
803,UIKit
805,Bootstrap
807,Bootstrap
807,Animate.css
808,Tailwind CSS
808,Radix UI
808,Bootstrap
808,Headless UI
808,shadcn/ui
812,Bootstrap
814,Bootstrap
815,Bootstrap
816,Chakra UI
817,Chakra UI
818,Bootstrap
818,Vuetify
819,Bootstrap
819,Vuetify
821,Animate.css
823,Bootstrap
824,Tailwind CSS
829,MUI
833,Bootstrap
834,Tailwind CSS
835,MUI
837,Bootstrap
843,Bootstrap
844,Ant Design
846,Bootstrap
846,Animate.css
847,Bootstrap
848,Bootstrap
851,Pure CSS
851,Bootstrap
853,Bootstrap
854,Bootstrap
856,MUI
858,UIKit
861,Bootstrap
862,Bootstrap
863,Bootstrap
864,Bootstrap
865,Bootstrap
868,Bootstrap
869,Bootstrap
870,Bootstrap
872,Bootstrap
873,MUI
873,Bootstrap
874,Bootstrap
877,Bootstrap
878,Bootstrap
879,Bootstrap
881,PrimeVue
884,Bootstrap
885,Bootstrap
887,Bootstrap
889,Bootstrap
890,Tailwind CSS
890,Element UI
894,MUI
896,Bootstrap
898,Bootstrap
899,Bootstrap
900,Bootstrap
900,UIKit
901,Bootstrap
902,Animate.css
902,Tachyons
902,Tailwind CSS
902,Bootstrap
904,MUI
904,Tailwind CSS
905,Bootstrap
906,Bootstrap
907,Bootstrap
908,Bootstrap
909,Bootstrap
911,Animate.css
911,Bootstrap
913,Marko
914,Bootstrap
915,Bootstrap
915,Element UI
916,Tailwind CSS
916,Bootstrap
928,Bootstrap
930,Bootstrap
934,Animate.css
934,Bootstrap
935,ZURB Foundation
937,Animate.css
937,Bootstrap
941,Bootstrap
946,Bootstrap
947,Bootstrap
948,Bootstrap
949,Bootstrap
951,Bootstrap
952,Bootstrap
954,Bootstrap
955,UIKit
956,Bootstrap
964,Bootstrap
965,Bootstrap
969,Storybook
970,Marko
970,Bootstrap
978,Bootstrap
978,Chakra UI
979,Tailwind CSS
979,CivicTheme
983,Bootstrap
986,Bootstrap
987,Animate.css
987,CivicTheme
987,Bootstrap
993,Bootstrap
1005,Bootstrap
1011,Bootstrap
1013,CivicTheme
1013,Element UI
1014,Bootstrap
1016,MUI
1018,Bootstrap
1020,Bootstrap
1021,Tailwind CSS
1022,Bootstrap
1024,Bootstrap
1029,Bootstrap
1031,Bootstrap
1032,Bootstrap
1033,Bootstrap
1034,Bootstrap
1035,Bootstrap
1036,Bootstrap
1037,Material Design Lite
1038,Bootstrap
1038,Animate.css
1039,Bootstrap
1042,ZURB Foundation
1043,Bootstrap
1044,Bootstrap
1048,Bootstrap
1049,Bootstrap
1049,Animate.css
1051,Bootstrap
1054,ZURB Foundation
1056,Bootstrap
1056,CivicTheme
1058,Bootstrap
1059,Bootstrap
1065,Bootstrap
1066,Bootstrap
1067,Animate.css
1068,Bootstrap
1070,Bootstrap
1072,Bootstrap
1074,Bootstrap
1074,Animate.css
1075,MUI
1075,Element UI
1076,Bootstrap
1076,Animate.css
1076,Mantine
1077,Bootstrap
1079,Bootstrap
1080,Bootstrap
1086,Bootstrap
1087,Bootstrap
1088,Bootstrap
1089,HeroUI
1092,Bootstrap
1093,Bootstrap
