ID,JavaScript frameworks
1,styled-components
1,Vue.js
1,React
4,Emotion
4,Vue.js
7,GSAP
9,Vue.js
11,React
11,Vue.js
14,styled-components
14,React
14,Gatsby
19,React
19,AngularJS
19,Emotion
21,Svelte
21,Prototype
21,React
21,styled-components
22,Vue.js
22,MooTools
23,MooTools
25,styled-components
25,React
27,GSAP
28,Vue.js
30,AlloyUI
30,React
30,styled-components
32,Zone.js
32,Angular
34,React
34,Gatsby
34,Next.js
34,Emotion
34,styled-components
37,styled-components
37,React
38,styled-components
38,React
40,React
40,Svelte
40,styled-components
43,Emotion
43,styled-components
43,React
46,Redux
47,Redux
48,Vue.js
49,React
49,styled-components
50,styled-components
50,React
51,styled-components
51,React
51,Socket.io
52,Svelte
54,React
54,GSAP
54,styled-components
58,React
58,styled-components
58,Next.js
58,Redux
60,Angular
60,styled-components
60,React
62,Vue.js
63,Svelte
63,React
63,styled-components
67,Vue.js
67,Redux
70,Vue.js
70,React
70,styled-components
71,AlloyUI
71,React
74,React
74,styled-components
78,Zone.js
78,Angular
79,React
79,styled-components
80,React
80,styled-components
80,Redux
81,Emotion
83,React
83,AlloyUI
83,Adobe Client Data Layer
84,Zone.js
84,Angular
86,styled-components
86,React
86,GSAP
87,GSAP
89,React
89,Backbone.js
89,Vue.js
90,GSAP
91,React
91,styled-components
95,Svelte
96,React
96,Svelte
96,styled-components
97,GSAP
97,Vue.js
99,Vue.js
99,Redux
103,Backbone.js
103,Vue.js
103,GSAP
106,Svelte
107,GSAP
107,Emotion
107,Vue.js
108,styled-components
108,React
111,JSS
111,styled-components
111,React
115,Angular
115,Zone.js
117,Nuxt.js
117,Vue.js
119,GSAP
119,styled-components
119,React
120,Emotion
124,Zone.js
124,styled-components
124,Angular
124,Next.js
124,React
124,GSAP
125,Svelte
125,Alpine.js
126,styled-components
126,React
128,GSAP
129,Svelte
129,AngularJS
130,AngularJS
130,Handlebars
130,Angular
130,Zone.js
130,Adobe Client Data Layer
130,RequireJS
133,GSAP
134,Svelte
134,styled-components
134,React
136,Svelte
137,styled-components
137,Backbone.js
137,Marionette.js
137,React
137,Emotion
138,Emotion
139,Svelte
139,Vue.js
140,Next.js
140,styled-components
140,React
141,Gatsby
141,React
141,Angular
141,Zone.js
142,React
142,styled-components
143,Vue.js
145,GSAP
146,Knockout.js
146,React
146,styled-components
147,styled-components
147,React
147,Knockout.js
148,React
148,styled-components
148,Knockout.js
149,Vue.js
151,React
151,styled-components
152,GSAP
153,GSAP
153,React
153,styled-components
153,Svelte
161,Redux
162,React
162,RxJS
163,React
163,React Router
167,Angular
167,Zone.js
169,React
169,styled-components
170,styled-components
170,React
175,Stimulus
177,Gatsby
177,styled-components
177,Emotion
177,React
179,Angular
179,Zone.js
180,React
180,styled-components
181,styled-components
181,Svelte
181,React
183,Emotion
184,React
184,styled-components
188,Zone.js
188,Angular
189,Emotion
189,React
191,Gatsby
191,styled-components
191,React
192,Svelte
193,styled-components
193,React
195,Vue.js
195,Emotion
195,Angular
195,Zone.js
195,React
195,JSS
195,Next.js
196,React
196,styled-components
200,Svelte
200,Vue.js
201,React
201,styled-components
201,AlloyUI
202,Angular
202,styled-components
202,Zone.js
202,React
206,Vue.js
206,React
206,styled-components
206,GSAP
208,React
208,Mustache
212,Socket.io
212,Vue.js
213,Zone.js
213,Angular
214,GSAP
216,React
217,Vue.js
220,styled-components
220,React
221,Knockout.js
221,Mustache
225,React
225,Backbone.js
225,GSAP
225,styled-components
226,React
226,Emotion
227,Alpine.js
227,Svelte
228,React
229,Emotion
229,React
229,styled-components
230,AngularJS
230,Svelte
231,Zone.js
231,Angular
232,Redux
233,Zone.js
233,Angular
234,Angular
234,styled-components
234,React
234,Zone.js
236,Prototype
243,AngularJS
244,Adobe Client Data Layer
244,RequireJS
244,React
246,GSAP
251,Svelte
251,Alpine.js
252,React
252,Next.js
255,React
255,GSAP
257,React
257,Vue.js
257,AlloyUI
261,Emotion
261,Zone.js
261,Vue.js
261,Angular
262,GSAP
262,AngularJS
262,Vue.js
262,Redux
262,Zone.js
263,Zone.js
263,React
263,styled-components
263,Angular
263,Emotion
265,Redux
265,React
265,styled-components
265,JSS
265,Next.js
265,Emotion
267,GSAP
269,Vue.js
270,React
270,GSAP
270,Next.js
270,styled-components
273,Svelte
274,GSAP
275,Mustache
281,Redux
286,styled-components
286,React
286,GSAP
289,toastr
290,styled-components
290,Svelte
290,React
296,React
296,GSAP
300,Angular
300,Zone.js
301,Adobe Client Data Layer
301,Redux
301,styled-components
301,React
302,React
302,styled-components
303,Emotion
303,Svelte
303,styled-components
303,React
304,GSAP
305,Svelte
306,Emotion
306,GSAP
306,Angular
306,AngularJS
306,React
306,Vue.js
306,Redux
306,Zone.js
310,React
310,styled-components
310,GSAP
311,Next.js
311,React
311,Vue.js
312,React
312,styled-components
315,Vue.js
324,AlloyUI
325,GSAP
327,Backbone.js
327,GSAP
328,GSAP
330,Redux
330,Vue.js
330,GSAP
332,Emotion
333,Emotion
333,styled-components
333,React
336,React
336,styled-components
338,Zone.js
338,Svelte
338,Angular
340,Svelte
340,Alpine.js
341,React
341,Vue.js
341,styled-components
343,Emotion
343,React
343,Next.js
347,Svelte
348,Zone.js
348,Redux
348,styled-components
348,Angular
348,React
349,React
349,styled-components
350,Socket.io
350,styled-components
350,Nuxt.js
350,Vue.js
350,React
354,styled-components
354,React
356,Vue.js
356,Stimulus
356,AngularJS
357,Vue.js
357,styled-components
357,React
357,Angular
357,Zone.js
358,Vue.js
359,GSAP
360,Nuxt.js
360,Vue.js
361,styled-components
361,Emotion
361,React
362,Vue.js
366,Vue.js
370,Vue.js
372,Backbone.js
372,styled-components
372,React
372,Next.js
372,Svelte
373,styled-components
373,React
373,Vue.js
374,Handlebars
375,Angular
375,Adobe Client Data Layer
375,Zone.js
375,Redux
375,Handlebars
376,Svelte
380,Svelte
381,Vue.js
385,Next.js
385,styled-components
385,React
388,styled-components
388,React
390,styled-components
390,Next.js
390,Stitches
390,Vue.js
390,React
391,Backbone.js
393,React
393,Redux
393,styled-components
394,Zone.js
394,Angular
394,Vue.js
397,Svelte
398,Astro
399,React
399,styled-components
400,RxJS
402,Nuxt.js
402,Vue.js
403,React
403,Svelte
405,Adobe Client Data Layer
405,Vue.js
412,Next.js
412,React
412,Svelte
420,Angular
420,Zone.js
420,Vue.js
421,GSAP
422,Angular
422,Zone.js
422,Vue.js
425,Adobe Client Data Layer
426,toastr
427,GSAP
428,React
428,Next.js
428,Emotion
434,AlloyUI
434,React
434,Vue.js
435,React
435,Redux
435,RequireJS
435,Vue.js
435,Adobe Client Data Layer
438,Emotion
438,Stimulus
439,GSAP
440,styled-components
440,React
440,Next.js
440,Stitches
440,Emotion
442,GSAP
442,Emotion
442,styled-components
442,Next.js
442,Redux
442,React
447,Emotion
447,React
447,Next.js
447,styled-components
449,styled-components
449,Svelte
449,React
451,Redux
452,GSAP
454,React
454,Next.js
456,styled-components
456,React
456,Vue.js
459,JSS
459,React
459,styled-components
459,Zone.js
459,Angular
461,Nuxt.js
461,Vue.js
462,styled-components
462,React
463,styled-components
463,AlloyUI
463,Zone.js
463,React
463,Angular
465,Svelte
466,Vue.js
467,Svelte
469,Handlebars
471,React
471,Vue.js
471,Zone.js
471,Angular
471,styled-components
472,AngularJS
473,Vue.js
473,React
473,AlloyUI
475,Emotion
476,Emotion
476,styled-components
476,Next.js
476,React
477,styled-components
477,React
477,AngularJS
478,toastr
479,React
479,Next.js
479,styled-components
484,React
485,styled-components
485,Knockout.js
485,Emotion
485,React
485,Adobe Client Data Layer
486,Redux
488,MooTools
490,Vue.js
490,React
490,styled-components
491,Next.js
491,JSS
491,React
491,styled-components
491,Svelte
492,Svelte
493,Svelte
494,GSAP
495,Handlebars
496,GSAP
497,styled-components
497,Angular
497,Zone.js
497,React
498,Svelte
498,styled-components
498,React
499,Redux
500,Vue.js
500,Nuxt.js
503,Vue.js
504,RequireJS
504,GSAP
505,styled-components
505,React Router
505,React
506,Svelte
506,Vue.js
507,styled-components
507,React
508,styled-components
508,React
510,React
510,Emotion
510,Next.js
510,styled-components
510,Vue.js
513,Redux
514,React
516,React
517,Alpine.js
518,React
518,styled-components
519,Vue.js
519,GSAP
520,GSAP
521,styled-components
521,Emotion
521,Angular
521,React
521,Vue.js
522,React
522,Emotion
522,styled-components
523,AMP
523,Emotion
523,Vue.js
523,toastr
526,Vue.js
526,Svelte
526,JSS
527,Vue.js
530,React
535,Redux
536,React
536,styled-components
537,styled-components
537,React
538,JSS
538,Redux
538,styled-components
538,Next.js
538,React
538,Emotion
539,React
539,styled-components
540,Knockout.js
540,React
540,styled-components
540,Mustache
543,Zone.js
543,Angular
544,React
544,Vue.js
544,GSAP
544,Handlebars
546,styled-components
546,Vue.js
546,React
546,Socket.io
550,Redux
551,JSS
551,React
551,styled-components
552,React
552,styled-components
553,Backbone.js
554,styled-components
554,Vue.js
554,Zone.js
554,Angular
554,React
554,Svelte
555,React
555,Next.js
555,styled-components
556,React
556,Vue.js
556,Emotion
557,Vue.js
558,Redux
559,AMP
559,Nuxt.js
559,Vue.js
560,styled-components
560,React
562,Emotion
562,Vue.js
562,styled-components
562,React
567,React
567,Vue.js
567,Emotion
569,Redux
569,React
569,React Router
569,Next.js
569,styled-components
571,Svelte
574,Knockout.js
575,GSAP
575,Svelte
577,Angular
577,AngularJS
577,Zone.js
577,Vue.js
577,GSAP
577,Adobe Client Data Layer
577,styled-components
577,React
579,React
579,GSAP
579,styled-components
579,Knockout.js
580,Nuxt.js
580,Stimulus
580,Vue.js
582,RequireJS
582,Vue.js
584,styled-components
584,React
585,Vue.js
585,React
585,styled-components
585,toastr
585,Next.js
586,Vue.js
587,Vue.js
589,Svelte
589,Emotion
589,Angular
589,Zone.js
590,Angular
590,Zone.js
591,Redux
591,RequireJS
592,Next.js
592,styled-components
592,React
593,styled-components
593,React
595,Vue.js
595,Nuxt.js
596,toastr
596,Redux
600,Svelte
600,Vue.js
601,Redux
601,Gatsby
601,React
601,JSS
601,styled-components
601,Vue.js
601,Emotion
601,Next.js
605,Vue.js
605,GSAP
608,Vue.js
609,Backbone.js
612,Svelte
612,styled-components
612,React
613,AngularJS
614,Emotion
614,Next.js
614,styled-components
614,Vue.js
614,React
617,GSAP
617,styled-components
617,React
619,Vue.js
619,Svelte
619,Next.js
619,React
619,styled-components
620,React
620,styled-components
621,Svelte
621,React
621,styled-components
623,React
623,Vue.js
623,styled-components
623,AlloyUI
625,Emotion
625,Next.js
625,React
625,Redux
626,RequireJS
626,Vue.js
626,Adobe Client Data Layer
628,GSAP
629,Redux
630,styled-components
630,React
631,React
631,styled-components
631,Next.js
631,Emotion
631,Vue.js
631,Stitches
632,React
633,GSAP
635,React
635,Vue.js
637,Svelte
637,Gatsby
637,styled-components
637,React
638,React
638,styled-components
638,Prototype
639,RequireJS
641,Emotion
641,AMP
641,styled-components
641,React
641,Svelte
642,React
642,Redux
642,Next.js
643,Svelte
643,styled-components
643,React
643,Vue.js
643,Next.js
645,Knockout.js
645,Adobe Client Data Layer
645,React
645,Redux
649,Vue.js
649,Svelte
651,React
652,React
652,styled-components
654,Svelte
657,Backbone.js
657,React
657,GSAP
657,Marionette.js
657,styled-components
659,styled-components
659,React
659,Emotion
665,Gatsby
665,Angular
665,styled-components
665,React
665,Zone.js
667,Next.js
667,styled-components
667,React
668,styled-components
668,React
668,Next.js
670,Nuxt.js
670,Vue.js
672,GSAP
674,GSAP
675,Angular
675,Zone.js
676,Svelte
677,Next.js
677,React
679,React
679,GSAP
679,styled-components
680,styled-components
680,React
680,Vue.js
680,Next.js
683,React
683,Vue.js
683,Emotion
683,Next.js
683,styled-components
685,Adobe Client Data Layer
685,Vue.js
685,Knockout.js
685,React
685,Redux
685,Emotion
685,Svelte
686,Next.js
686,Emotion
686,React
688,Svelte
689,styled-components
689,RequireJS
689,Socket.io
689,React
690,Next.js
690,React
690,Emotion
690,styled-components
691,Stimulus
697,Svelte
700,AngularJS
701,React
702,Vue.js
702,React
702,RequireJS
702,Handlebars
702,styled-components
702,Emotion
704,Emotion
705,Svelte
706,React
706,styled-components
707,Backbone.js
708,Adobe Client Data Layer
708,Knockout.js
708,Vue.js
708,Svelte
708,styled-components
708,React
709,Emotion
709,styled-components
709,React
709,Vue.js
709,Next.js
710,AngularJS
711,React
711,Svelte
711,Emotion
713,Next.js
713,React
713,styled-components
714,React
714,styled-components
715,JSS
717,React
717,styled-components
718,Vue.js
718,React
718,styled-components
719,Vue.js
720,Next.js
720,Emotion
720,styled-components
720,Vue.js
720,React
721,Vue.js
721,Emotion
721,Nuxt.js
722,Svelte
722,Zone.js
722,Angular
723,GSAP
724,styled-components
724,React
724,Next.js
726,Vue.js
726,Backbone.js
729,React
731,Svelte
734,Vue.js
734,Emotion
736,Emotion
736,Next.js
736,React
739,React
739,styled-components
739,Next.js
741,React
741,Next.js
741,Vue.js
743,Vue.js
744,Next.js
744,React
744,styled-components
744,GSAP
745,Zone.js
745,Angular
746,Zone.js
746,Angular
747,Svelte
747,styled-components
747,React
749,JSS
749,React
749,toastr
750,Knockout.js
750,Adobe Client Data Layer
750,React
751,Vue.js
752,styled-components
752,JSS
752,React
752,Next.js
752,Vue.js
756,AlloyUI
756,React
756,Redux
757,Vue.js
757,Emotion
758,GSAP
759,React
759,Emotion
759,Backbone.js
759,styled-components
760,Vue.js
761,Vue.js
763,Redux
764,styled-components
764,Nuxt.js
764,React
764,Vue.js
765,styled-components
765,React
766,Vue.js
766,GSAP
766,Nuxt.js
768,Alpine.js
769,Alpine.js
770,Redux
771,Svelte
773,React
773,Next.js
775,Vue.js
777,Adobe Client Data Layer
777,React
777,Knockout.js
780,GSAP
781,React
782,Next.js
782,Emotion
782,styled-components
782,React
789,Handlebars
789,Knockout.js
789,RequireJS
791,Next.js
791,React
792,React
792,styled-components
794,Vue.js
794,React
794,styled-components
795,React
795,Svelte
796,Next.js
796,React
801,Emotion
801,Stimulus
801,React
801,styled-components
804,styled-components
804,React
806,React
806,Angular
806,Zone.js
806,Emotion
806,styled-components
808,React
808,Next.js
809,RequireJS
814,React
816,styled-components
816,Adobe Client Data Layer
816,React
816,Emotion
816,Redux
817,Emotion
817,React
817,Redux
817,Adobe Client Data Layer
817,styled-components
818,Nuxt.js
818,React
818,Vue.js
819,Nuxt.js
819,React
819,Vue.js
820,GSAP
821,Vue.js
821,styled-components
821,React
822,Angular
822,Zone.js
823,styled-components
823,Svelte
823,React
824,Svelte
826,toastr
828,Angular
828,Zone.js
828,React
828,styled-components
828,React Router
828,Next.js
828,Emotion
828,Redux
828,Vue.js
829,React
829,Next.js
829,styled-components
829,Emotion
832,React Router
832,styled-components
832,React
832,Vue.js
833,Backbone.js
833,Svelte
835,Next.js
835,JSS
835,React
835,RequireJS
836,Zone.js
836,Angular
839,React
839,Gatsby
841,Alpine.js
841,Svelte
842,React
844,Nuxt.js
844,Vue.js
848,Svelte
848,React
848,styled-components
849,Angular
849,Redux
849,Vue.js
849,Zone.js
850,GSAP
850,Emotion
851,AlertifyJS
851,Svelte
854,Angular
854,Zone.js
856,React
856,React Router
856,Emotion
857,Angular
857,Zone.js
859,React
859,styled-components
866,Angular
866,Zone.js
867,Angular
867,styled-components
867,React
867,Emotion
867,Zone.js
868,Svelte
870,Emotion
872,Vue.js
872,Angular
872,Zone.js
872,AlloyUI
873,React
873,styled-components
873,Emotion
877,styled-components
877,Emotion
877,React
877,Handlebars
879,AlloyUI
879,GSAP
879,Handlebars
879,React
881,Vue.js
881,Nuxt.js
881,Redux
882,React
883,Redux
887,React
889,GSAP
890,Next.js
890,Emotion
890,styled-components
890,React
890,Vue.js
892,Svelte
892,Vue.js
893,React
893,styled-components
894,React Router
894,React
894,Emotion
897,Zone.js
897,React
897,Next.js
897,Angular
897,GSAP
897,styled-components
902,React
902,AngularJS
903,styled-components
903,React
904,React
904,Next.js
904,Emotion
905,GSAP
908,Emotion
908,React
908,Next.js
908,styled-components
911,Adobe Client Data Layer
911,Vue.js
911,Emotion
911,React
911,styled-components
911,Knockout.js
912,Next.js
912,Emotion
912,styled-components
912,React
913,Emotion
913,Socket.io
913,Redux
914,React
914,styled-components
915,styled-components
915,Vue.js
915,toastr
915,React
928,Emotion
929,Zone.js
929,Angular
933,Vue.js
934,Svelte
937,styled-components
937,Svelte
937,React
939,Redux
940,Zone.js
940,Angular
941,styled-components
941,RequireJS
941,Prototype
941,React Router
941,Wink
941,AngularJS
941,AMP
941,AlloyUI
941,Svelte
941,React
945,React
945,styled-components
946,React
946,styled-components
946,Redux
947,toastr
947,Handlebars
947,React
947,styled-components
947,GSAP
948,Redux
949,Angular
949,Zone.js
949,React
949,styled-components
950,Next.js
950,React
951,Emotion
951,Vue.js
951,AngularJS
951,AMP
951,Redux
951,styled-components
951,React
952,Handlebars
953,Zone.js
953,Angular
953,Vue.js
953,Emotion
955,styled-components
955,React
956,Vue.js
956,AlloyUI
956,styled-components
956,React
962,Gatsby
962,Vue.js
962,Emotion
962,React
963,Next.js
963,React
965,GSAP
969,styled-components
969,React
969,Emotion
970,Backbone.js
972,Adobe Client Data Layer
974,styled-components
974,React
978,styled-components
978,React
978,Emotion
978,Next.js
979,RequireJS
979,React
981,Next.js
981,React
982,Next.js
982,React
983,Emotion
984,React
984,Next.js
984,Svelte
984,styled-components
987,Emotion
987,Adobe Client Data Layer
987,Knockout.js
987,React
988,Next.js
988,styled-components
988,React
989,Zone.js
989,Angular
993,styled-components
993,React
993,Angular
993,Svelte
993,Zone.js
1005,Vue.js
1007,GSAP
1007,Vue.js
1009,React
1009,styled-components
1009,Vue.js
1009,Stimulus
1010,Next.js
1010,React
1012,GSAP
1012,AngularJS
1012,Alpine.js
1012,React
1013,styled-components
1013,GSAP
1013,Emotion
1013,Marionette.js
1013,React
1013,Handlebars
1013,Redux
1013,Vue.js
1013,Backbone.js
1014,React
1014,styled-components
1015,React
1015,styled-components
1015,GSAP
1016,styled-components
1016,Emotion
1016,JSS
1016,React
1016,Next.js
1018,styled-components
1018,React
1019,Vue.js
1020,Vue.js
1020,React Router
1020,React
1020,Emotion
1020,GSAP
1020,Redux
1020,styled-components
1020,Next.js
1020,Socket.io
1024,Vue.js
1026,Mustache
1027,Adobe Client Data Layer
1035,React
1038,Knockout.js
1038,React
1038,styled-components
1039,AngularJS
1039,toastr
1040,GSAP
1041,AngularJS
1042,styled-components
1042,React
1043,Emotion
1043,Redux
1043,styled-components
1043,React
1043,Next.js
1043,JSS
1044,React
1044,Zone.js
1044,styled-components
1044,Angular
1045,Handlebars
1047,React
1047,Next.js
1047,styled-components
1048,Vue.js
1048,Svelte
1053,Handlebars
1054,Alpine.js
1055,Vue.js
1055,GSAP
1055,React
1055,styled-components
1056,RequireJS
1056,React
1056,styled-components
1056,Svelte
1056,Adobe Client Data Layer
1056,Prototype
1058,GSAP
1061,styled-components
1061,React
1063,styled-components
1063,Emotion
1063,React
1064,Next.js
1064,React
1065,Svelte
1066,Svelte
1067,GSAP
1070,Socket.io
1071,React
1071,styled-components
1072,GSAP
1074,GSAP
1075,JSS
1075,React
1075,Vue.js
1075,Next.js
1075,styled-components
1076,Knockout.js
1076,React
1076,Adobe Client Data Layer
1076,Emotion
1076,Vue.js
1076,Redux
1079,Handlebars
1079,styled-components
1079,React
1082,Svelte
1085,Angular
1085,Zone.js
1086,Svelte
1088,AlloyUI
1088,React
1089,styled-components
1089,AngularJS
1089,Stitches
1089,React
1091,React
1091,Next.js
1092,Emotion
1092,Nuxt.js
1092,Vue.js
1093,Angular
1093,Zone.js
1093,Adobe Client Data Layer
1094,Svelte
